title,Genre,Year,rating,Language,Country,Runtime
Friends,Comedy,1971,8.9,"English,Dutch,Italian,French",United States,22.0
Echoes,Drama,2014,5.9,English,United Kingdom,60.0
Look Both Ways,Drama,2005,6.3,English,Australia,100.0
The Lincoln Lawyer,Crime,2011,7.7,English,United States,118.0
Homeland,Crime,2019,8.3,English,United States,55.0
Taxi Driver,Crime,1976,8.2,"English,Spanish",United States,114.0
The Poison Rose,Thriller,2019,4.7,"English,Spanish","Italy,United States",98.0
El Camino: A Breaking Bad Movie,Action,2019,7.3,English,United States,122.0
The King,Biography,2019,7.3,"English,French","United Kingdom,Hungary,United States,Australia",140.0
Sicario,Action,1994,7.6,"English,Spanish","United States,Mexico,Hong Kong",121.0
The Guilty,Crime,2018,6.3,Danish,Denmark,85.0
Scorpion,Action,2007,7.0,English,United States,43.0
Snowpiercer,Action,2013,6.9,English,United States,60.0
Kill Bill: Vol. 1,Action,2003,8.2,"English,Japanese,French","United States,Japan",111.0
Annihilation,Adventure,2018,6.8,English,"United Kingdom,United States",115.0
The Irishman,Biography,2019,7.8,"English,Italian,Latin,Spanish,German",United States,209.0
Booksmart,Comedy,2019,7.1,"English,Mandarin,Spanish",United States,102.0
Frozen,Animation,2013,7.4,"English,Norwegian",United States,102.0
Heartstopper,Horror,2006,8.7,English,Canada,92.0
The Watcher,Mystery,2000,5.3,English,"Canada,United States",103.0
The Platform,Horror,2019,7.0,Spanish,Spain,94.0
Fighting with My Family,Biography,2019,7.1,English,"United Kingdom,United States,Mexico",108.0
Captain America: Civil War,Action,2016,7.8,"English,German,Xhosa,Russian,Romanian,Hindi",United States,147.0
6 Underground,Action,2019,6.1,"English,Turkmen,Cantonese,Italian,Spanish,Ukrainian,French",United States,128.0
Public Enemies,Biography,2009,7.0,English,"United States,Japan",140.0
The Invitation,Drama,2015,6.6,English,United States,100.0
Terrifier,Horror,2016,5.6,English,United States,82.0
Polar,Action,2019,6.3,"English,Russian","Germany,United States",118.0
The Ballad of Buster Scruggs,Comedy,2018,7.3,"English,French",United States,133.0
Willy Wonka & the Chocolate Factory,Family,1971,7.8,"English,French,German,Italian","United States,East Germany,West Germany,Belgium",100.0
The Vault,Crime,2017,6.4,English,United States,91.0
Footloose,Comedy,2011,6.6,English,United States,113.0
Gerald's Game,Drama,2017,6.5,English,United States,103.0
Below Her Mouth,Drama,2016,5.5,English,Canada,94.0
Moonlight,Drama,2016,7.4,English,United States,111.0
Marriage Story,Comedy,2019,7.9,"English,Spanish","United Kingdom,United States",137.0
Hell or High Water,Action,2016,7.6,English,United States,102.0
Army of the Dead,Action,2008,5.7,English,United States,
Rosemary's Baby,Drama,1968,8.0,English,United States,137.0
Monty Python and the Holy Grail,Adventure,1975,8.2,"English,French,Latin",United Kingdom,91.0
Climax,Drama,2018,6.9,"French,English","France,Belgium",97.0
The Babysitter,Comedy,2017,6.3,English,United States,85.0
Outlaw King,Action,2018,6.9,"English,French,Scottish Gaelic","United Kingdom,United States",121.0
Extraction,Action,2020,6.7,"English,Hindi,Bengali",United States,116.0
Bird Box,Drama,2018,6.6,English,United States,124.0
Shot Caller,Crime,2017,7.3,English,United States,121.0
Lou,Short,2017,5.9,English,United States,12.0
Life of Brian,Comedy,1979,8.0,"English,Latin",United Kingdom,94.0
Cars 3,Animation,2017,6.7,English,United States,102.0
Robin Hood,Action,1922,5.3,"English,French,Ukrainian","United States,United Kingdom",140.0
The Ritual,Horror,2017,6.3,"English,Swedish","United Kingdom,Canada",94.0
The Emperor's New Groove,Animation,2000,7.4,English,United States,78.0
"Extremely Wicked, Shockingly Evil and Vile",Biography,2019,6.7,English,United States,110.0
Newness,Drama,2017,6.3,"English,Catalan,Spanish",United States,117.0
Maestro,Biography,2015,7.3,English,United States,94.0
Hush,Horror,2016,6.6,"English,American Sign Language",United States,82.0
Kill Bill: Vol. 2,Action,2004,8.0,"English,Cantonese,Mandarin,Spanish",United States,137.0
Between Two Ferns: The Movie,Comedy,2019,6.1,English,United States,82.0
The Dirt,Biography,2019,6.9,English,United States,107.0
Lilo & Stitch,Animation,2002,7.3,"English,Hawaiian",United States,85.0
The Invisible Guest,Crime,2016,8.0,Spanish,Spain,106.0
The Snowman,Crime,1982,5.1,"English,Russian","United Kingdom,United States,China,Sweden,Japan",119.0
The Kissing Booth,Comedy,2018,5.9,English,"United Kingdom,United States",105.0
Conan the Barbarian,Action,2011,5.1,English,"United States,Spain,Mexico",129.0
1922,Crime,2017,6.2,English,United States,102.0
Green Room,Horror,2015,7.0,English,United States,95.0
Murder Mystery,Action,2019,6.0,"English,French",United States,97.0
Hunt for the Wilderpeople,Adventure,2016,7.8,English,New Zealand,101.0
What Happened to Monday,Action,2017,6.8,English,"United Kingdom,France,United States,Belgium",123.0
As Good as It Gets,Comedy,1997,7.7,English,United States,139.0
The Danish Girl,Biography,2015,7.1,"English,French,German","United Kingdom,United States,Germany,Denmark,Belgium,Japan",119.0
Fractured,Mystery,2019,6.4,English,United States,99.0
Utopia,Drama,1951,8.4,English,United Kingdom,50.0
The Bad Batch,Drama,2017,5.2,English,United States,118.0
The Killer,Crime,2017,6.0,French,"France,Italy",105.0
Locke,Drama,2014,7.1,English,"United Kingdom,United States",85.0
First Kill,Action,2017,6.4,English,"United Kingdom,Canada,United States",97.0
Family Secrets,Drama,1984,5.9,English,United States,87.0
Triple Frontier,Action,2019,6.4,"English,Spanish,Portuguese",United States,125.0
Rango,Animation,2011,7.2,English,United States,107.0
To All the Boys I've Loved Before,Comedy,2020,7.0,English,United States,99.0
Sweet Home,Horror,2015,7.3,"English,Spanish","Spain,Poland",80.0
The Tourist,Action,2010,6.0,"English,French,Italian,Russian,Spanish","United States,France,Italy,United Kingdom",103.0
Set It Up,Comedy,2018,6.5,English,United States,105.0
Home Team,Comedy,1999,6.0,English,Canada,91.0
In the Shadow of the Moon,Crime,2019,6.2,English,"United States,Canada",115.0
How It Ends,Action,2018,5.0,English,United States,113.0
The Little Mermaid,Animation,2018,4.2,"English,French",United States,83.0
Okja,Action,2017,7.3,"English,Korean,Spanish","South Korea,United States",120.0
Roma,Action,2018,7.7,English,"United Kingdom,United States",52.0
Hotel Mumbai,Action,2018,7.6,English,"Australia,United States,United Kingdom,India,Singapore",123.0
The Challenge,Adventure,2016,7.8,English,United States,30.0
Dark Places,Action,2015,6.2,English,"United States,United Kingdom,France",113.0
Apostle,Drama,2018,6.3,English,United Kingdom,130.0
Finding Dory,Animation,2016,7.3,"English,Indonesian",United States,97.0
The Next Three Days,Action,2010,7.3,English,"United States,France",133.0
101 Dalmatians,Adventure,1996,5.7,"English,Spanish","United States,United Kingdom",103.0
How to Train Your Dragon: The Hidden World,Animation,2019,7.4,English,"United States,Japan",104.0
Death Wish,Action,2018,6.3,"English,Spanish","United States,Canada",107.0
Sand Castle,Drama,2017,6.3,"English,Arabic",United States,113.0
I See You,Crime,2017,6.8,English,United States,96.0
The Croods,Animation,2013,7.2,English,United States,98.0
Mirage,Drama,2018,7.4,Spanish,Spain,128.0
The Cloverfield Paradox,Adventure,2018,5.5,"English,Mandarin,German",United States,102.0
Miracle in Cell No. 7,Drama,2019,8.2,Turkish,Turkey,132.0
The Wrong Missy,Comedy,2020,5.7,English,United States,90.0
The Italian Job,Action,1969,7.2,"English,Russian,Italian","United States,France,Italy,United Kingdom,Germany",111.0
Along for the Ride,Drama,2017,6.1,English,"Germany,United States",99.0
Forgotten,Mystery,2016,7.4,Korean,South Korea,108.0
Macbeth,Drama,2015,6.6,English,"United Kingdom,France,United States",113.0
White Girl,Crime,2016,5.7,English,United States,88.0
Spenser Confidential,Action,2020,6.2,English,United States,111.0
Downsizing,Drama,2017,5.7,"English,Spanish,Norwegian,French,Korean,Greek,Vietnamese","United States,Norway",135.0
Serenity,Drama,2019,5.4,"English,French","United Kingdom,United States",106.0
Mirror Mirror,Adventure,2012,5.6,English,"United States,Canada",106.0
Eli,Drama,2019,5.8,"English,Arabic",France,53.0
The Lorax,Animation,1972,6.4,English,"United States,France",86.0
Velvet Buzzsaw,Horror,2019,5.7,English,United States,113.0
Bright,Action,2017,6.3,"English,Spanish",United States,117.0
The Highwaymen,Biography,2019,6.9,"English,Spanish",United States,132.0
Child's Play,Horror,1988,5.7,"English,Vietnamese","Canada,United States",90.0
All the Bright Places,Drama,2020,6.5,English,United States,107.0
Awake,Action,2019,4.9,English,United States,92.0
Mudbound,Drama,2017,7.4,English,United States,134.0
Late Night,Comedy,2019,6.5,English,United States,102.0
The Ghost Writer,Drama,2010,7.2,English,"France,Germany,United Kingdom",128.0
Tomorrow,Action,2019,7.8,"English,Japanese,French,Arabic",United States,124.0
In the Tall Grass,Drama,2019,5.4,English,"Canada,United States",101.0
Someone Great,Comedy,2019,6.1,English,United States,92.0
Lost Girls,Drama,2020,6.1,English,United States,95.0
Blockbuster,Comedy,2017,5.5,French,France,85.0
Calibre,Drama,2018,6.8,English,United Kingdom,101.0
Hot Girls Wanted,Documentary,2015,6.1,English,United States,84.0
Klaus,Animation,2019,8.1,"English,Saami",Spain,96.0
Before I Wake,Drama,2016,6.2,English,United States,97.0
Horse Girl,Drama,2020,5.9,English,United States,103.0
Operation Finale,Biography,2018,6.6,"English,Spanish,French,German",United States,122.0
To the Bone,Drama,2017,6.8,English,United States,107.0
The Red Sea Diving Resort,Drama,2019,6.6,"English,Amharic",Canada,129.0
Hotel Transylvania 3: Summer Vacation,Animation,2018,6.3,"English,Spanish,German,Russian","United States,South Korea",97.0
You Get Me,Crime,2017,4.7,English,United States,89.0
The Perfection,Drama,2018,6.2,English,United States,90.0
Anon,Crime,2018,6.1,English,"Germany,United States,Canada",100.0
Super Dark Times,Crime,2017,6.6,English,United States,103.0
Malevolent,Horror,2018,4.8,English,United Kingdom,89.0
Dumbo,Adventure,2019,7.2,"English,French","United States,United Kingdom,Australia,Canada",112.0
You People,Comedy,2010,5.9,English,United States,94.0
I Spit on Your Grave 2,Horror,2013,5.7,"English,Bulgarian",United States,106.0
Cam,Horror,2018,5.9,English,United States,94.0
Better Watch Out,Comedy,2016,6.5,English,"Australia,United States",89.0
Mowgli: Legend of the Jungle,Adventure,2018,6.5,"English,Hindi","United Kingdom,United States",104.0
The Package,Comedy,2018,5.5,English,United States,94.0
Circle,Drama,2015,6.0,English,United States,87.0
The Outsider,Crime,2018,6.2,English,United States,60.0
Dumplin',Comedy,2018,6.5,English,United States,110.0
The Ridiculous 6,Comedy,2015,4.8,English,United States,119.0
Wine Country,Comedy,2019,5.4,English,United States,103.0
Sharknado,Action,2013,3.3,English,United States,86.0
Abducted in Plain Sight,Documentary,2017,6.8,English,United States,91.0
The Promise,Action,2008,6.0,"English,Armenian,German,French,Turkish","Spain,United States",133.0
When We First Met,Comedy,2018,6.4,"English,Mandarin",United States,97.0
I Am Mother,Drama,2019,6.7,English,Australia,113.0
The Last Stand,Action,2006,6.3,English,United States,107.0
The Clovehitch Killer,Crime,2018,6.5,English,United States,109.0
Neon Genesis Evangelion: The End of Evangelion,Animation,1997,8.0,Japanese,Japan,87.0
Brooklyn's Finest,Crime,2009,6.7,English,United States,132.0
Thelma,Drama,2017,7.0,"Norwegian,Swedish","Norway,France,Denmark,Sweden",116.0
Always Be My Maybe,Comedy,2019,6.8,English,United States,101.0
Extinction,Action,2015,5.8,English,United States,95.0
Drinking Buddies,Comedy,2013,6.1,English,United States,90.0
The Laundromat,Comedy,2019,6.3,"English,Mandarin,Spanish,Russian",United States,95.0
Inside,Drama,2017,8.6,Spanish,"Colombia,Spain",97.0
Black Book,Drama,2006,7.7,"Dutch,German,English,Hebrew","Netherlands,Germany,United Kingdom,Belgium",145.0
Wounds,Drama,2019,4.1,English,"United States,United Kingdom",95.0
Beasts of No Nation,Drama,2015,7.7,"English,Akan",United States,137.0
A Futile and Stupid Gesture,Biography,2018,6.7,English,United States,101.0
Tangerine,Comedy,2015,7.1,"English,Armenian",United States,88.0
Hold the Dark,Drama,2018,5.6,English,United States,125.0
The Half of It,Comedy,2020,6.9,"Spanish,Hindi,English,Mandarin,French",United States,104.0
Redemption,Action,2002,6.2,"English,Polish,Cantonese,Italian","United Kingdom,United States",100.0
A Perfect Ending,Drama,2012,5.6,English,United States,110.0
Code 8,Action,2019,6.1,English,Canada,98.0
The Two Popes,Comedy,2019,7.6,"English,Spanish,Italian,Latin,Portuguese,French,German","United Kingdom,Italy",125.0
The Kindergarten Teacher,Drama,2018,6.7,English,"United States,Israel,United Kingdom,Canada",96.0
Suite Française,Drama,2014,7.0,"English,German,French,Latin","United Kingdom,France,Canada,Belgium,United States",107.0
Shutter,Horror,2004,7.0,Thai,Thailand,97.0
Contraband,Action,1980,6.4,"English,Spanish","United States,United Kingdom,France",109.0
War Machine,Comedy,2017,6.0,"English,Pushto",United States,122.0
Dude,Comedy,2018,5.1,English,United States,97.0
Tall Girl,Comedy,2019,5.2,English,United States,101.0
The One I Love,Comedy,2014,7.0,English,United States,91.0
Halston,Drama,2019,7.5,English,United States,
Hit & Run,Action,2012,7.0,English,United States,100.0
The Night Comes for Us,Action,2018,6.9,"Indonesian,English,Mandarin,French","Indonesia,United States",121.0
The Last Thing He Wanted,Crime,2020,4.3,"English,Spanish,French",United States,115.0
One Shot,Action,2014,5.6,English,United States,130.0
Black Mirror: Bandersnatch,Drama,2018,7.1,English,"United States,United Kingdom",90.0
Unthinkable,Crime,2007,7.0,"English,Russian,Ukrainian",United States,97.0
Berlin Syndrome,Drama,2017,6.2,"English,German,Russian",Australia,116.0
Fun Mom Dinner,Comedy,2017,5.3,English,United States,81.0
Lady Chatterley's Lover,Drama,1981,5.2,English,United Kingdom,89.0
"Game Over, Man!",Action,2018,5.4,English,United States,101.0
Mute,Mystery,2018,5.4,"English,German","United Kingdom,Germany",126.0
Killers,Action,2010,5.4,English,United States,100.0
Jimmy Neutron: Boy Genius,Animation,2001,6.0,English,United States,82.0
Naked,Comedy,2017,5.4,English,United Kingdom,132.0
Under the Shadow,Drama,2016,6.8,Persian,"United Kingdom,Jordan,Qatar,Iran",84.0
Thumbelina,Animation,1994,6.2,English,"Ireland,United States,Canada,United Kingdom,Denmark,Spain,Poland,Hungary",86.0
Dolemite Is My Name,Biography,2019,7.2,English,United States,118.0
The Girl with All the Gifts,Drama,2016,6.6,English,United Kingdom,111.0
Romeo & Juliet,Drama,2013,5.7,"English,Latin","United Kingdom,Italy,Switzerland",118.0
The Do-Over,Action,2016,5.7,English,United States,108.0
The Titan,Drama,2018,4.8,English,"United Kingdom,Spain,United States,Germany",97.0
Kodachrome,Drama,2017,6.8,English,"Canada,United States",105.0
Dangerous Lies,Drama,2020,5.3,English,United States,96.0
Heart of Stone,Drama,2009,7.9,English,"Germany,United Kingdom",95.0
Spectral,Action,2016,6.3,"English,Russian,Romanian,Slovenian","United States,Hungary",107.0
Beyond Evil,Horror,1980,8.1,English,United States,94.0
Into the Forest,Drama,2016,5.8,English,Canada,101.0
The Perfect Date,Comedy,2019,5.8,English,United States,89.0
Sergio,Biography,2020,6.2,"English,Portuguese,Spanish,French",United States,118.0
Sabotage,Action,1937,5.7,"English,Spanish",United States,109.0
Cargo,Drama,2017,6.3,"English,Aboriginal",Australia,105.0
Laggies,Comedy,2014,6.4,English,United States,99.0
6 Days,Action,2017,6.2,"English,Arabic,Persian","New Zealand,United Kingdom",94.0
Heirs,Comedy,2015,7.5,"Korean,English",South Korea,55.0
Stonehearst Asylum,Drama,2014,6.8,English,United States,112.0
Much Loved,Drama,2015,6.2,"Arabic,French","France,Morocco",104.0
The Decline,Thriller,2020,6.0,French,Canada,83.0
The Fundamentals of Caring,Comedy,2016,7.3,English,United States,97.0
Kon-Tiki,Adventure,2012,7.2,"Norwegian,English,French,Swedish","United Kingdom,Norway,Denmark,Germany,Sweden",118.0
Creep 2,Horror,2017,6.4,English,United States,78.0
Running with the Devil,Crime,2019,5.4,"English,Spanish","Colombia,United States",100.0
Rim of the World,Action,2019,5.2,"English,Chinese",United States,98.0
Look Who's Back,Comedy,2015,7.0,German,Germany,116.0
Arbitrage,Drama,2012,6.6,English,"United States,Poland",107.0
The Boy Who Harnessed the Wind,Drama,2019,7.6,"Arabic,Nyanja,English","United Kingdom,Malawi",113.0
The Crew,Action,2015,6.5,French,France,81.0
Inside Man: Most Wanted,Action,2019,5.6,English,United States,105.0
The Little Prince,Animation,2015,7.7,English,"France,Canada,Italy,United States",108.0
The Double,Drama,2011,5.9,Japanese,"Japan,United States",180.0
The Bookshop,Drama,2017,6.5,English,"United Kingdom,Spain,Germany",113.0
Falling Inn Love,Comedy,2019,5.6,English,United States,98.0
Duck Butter,Comedy,2018,5.3,"English,Catalan,Spanish",United States,93.0
Brain on Fire,Biography,2017,6.6,English,"United States,Canada,Ireland",88.0
Dangerous Liaisons,Drama,2012,3.9,English,"United States,United Kingdom",119.0
Kidnapping Stella,Thriller,2019,4.9,German,Germany,89.0
Final Score,Action,2018,5.8,English,United Kingdom,104.0
Tau,Sci-Fi,2018,5.8,English,United States,97.0
The Wandering Earth,Action,2019,5.9,"Mandarin,English,Russian,French,Japanese,Korean,Indonesian,Hindi",China,125.0
Love Wedding Repeat,Comedy,2020,5.5,English,"Italy,United Kingdom",100.0
The Occupant,Drama,2020,6.4,Spanish,Spain,103.0
The Willoughbys,Animation,2020,6.3,English,"Canada,United States,United Kingdom",90.0
Let It Snow,Comedy,2019,5.8,English,United States,92.0
Elisa & Marcela,Biography,2019,6.6,"Spanish,Portuguese",Spain,118.0
The Week Of,Comedy,2018,5.2,English,United States,116.0
Ibiza,Comedy,2018,5.2,English,United States,94.0
The Unicorn,Comedy,2019,7.2,English,United States,22.0
Icarus,Documentary,2017,7.9,"English,Russian",United States,120.0
IO,Adventure,2019,4.7,English,United States,96.0
The Siege of Jadotville,Action,2016,7.2,"English,Irish,French","Ireland,South Africa",108.0
Night Owls,Comedy,2015,6.2,English,United States,90.0
Step Sisters,Comedy,2018,5.4,English,United States,108.0
The Discovery,Drama,2017,6.2,English,United States,102.0
Henry Gamble's Birthday Party,Drama,2015,6.1,English,United States,87.0
Final Girl,Horror,2015,4.7,English,"Canada,United States",90.0
Secret Obsession,Drama,2019,4.4,English,United States,97.0
The Debt Collector,Action,2018,5.8,English,"United Kingdom,United States",95.0
A Vigilante,Crime,2018,5.7,English,United States,91.0
Time Trap,Action,2017,6.2,English,United States,87.0
On Body and Soul,Drama,2017,7.5,Hungarian,Hungary,116.0
The Christmas Chronicles,Adventure,2018,7.0,"English,Spanish,French,Romanian",United States,104.0
To All the Boys: P.S. I Still Love You,Comedy,2020,6.0,English,United States,101.0
Ludo,Action,2015,7.6,Hindi,India,
Bullet Head,Crime,2017,5.4,English,"Bulgaria,United States",93.0
The Great Hack,Documentary,2019,7.0,English,United States,114.0
Lust Stories,Drama,2018,6.4,Hindi,India,120.0
Girl,Drama,2018,7.1,"French,Flemish,English","Belgium,Netherlands",105.0
Close,Action,2019,5.7,"Arabic,French,English","United Kingdom,United States",94.0
A Prayer Before Dawn,Biography,2018,6.8,"English,Thai","United Kingdom,France,China,Cambodia,United States,Germany",116.0
Ala Vaikunthapurramuloo,Action,2020,7.3,"Telugu,Malayalam",India,163.0
Sierra Burgess Is a Loser,Comedy,2018,5.8,English,United States,105.0
Shimmer Lake,Crime,2017,6.3,English,"Canada,United States",83.0
Time to Hunt,Action,2020,6.3,Korean,South Korea,134.0
Our Souls at Night,Drama,2017,6.9,English,United States,103.0
Skiptrace,Action,2016,5.6,"Mandarin,English,Mongolian","China,Hong Kong,United States",107.0
Then Came You,Adventure,2019,6.9,,United States,97.0
Initial D,Action,2005,6.3,"Cantonese,English","China,Hong Kong",107.0
Lift,Fantasy,2001,6.1,Dutch,Netherlands,95.0
The Last Summer,Comedy,2019,5.5,English,United States,109.0
Ethos,Documentary,2011,8.5,English,United States,78.0
Badla,Crime,2019,7.8,Hindi,India,118.0
Little Evil,Comedy,2017,5.7,,United States,94.0
In the Shadow of Iris,Drama,2016,6.1,French,"France,Belgium",99.0
The Open House,Horror,2018,3.3,English,United States,94.0
Stone of Destiny,Adventure,2008,6.7,English,"Canada,United Kingdom",96.0
Last Breath,Documentary,2019,7.7,English,"United Kingdom,Belgium,Sweden",90.0
Retribution,Drama,2015,7.0,English,United Kingdom,60.0
Ip Man 3,Action,2015,7.0,"Cantonese,English","China,Hong Kong",105.0
"Crouching Tiger, Hidden Dragon: Sword of Destiny",Action,2016,6.1,English,"China,United States",96.0
Sandy Wexler,Comedy,2017,5.2,English,United States,130.0
The Coldest Game,Thriller,2019,6.2,"English,Russian","Poland,United States",102.0
6 Below: Miracle on the Mountain,Adventure,2017,5.7,English,United States,98.0
I Am the Pretty Thing That Lives in the House,Horror,2016,4.6,English,Canada,89.0
The Breadwinner,Animation,2017,7.7,English,"Ireland,Canada,Luxembourg,United States,United Kingdom,Philippines,India",94.0
Dilwale,Action,2015,5.0,Hindi,India,158.0
Tramps,Comedy,2016,6.5,English,United States,82.0
I Lost My Body,Animation,2019,7.5,French,France,81.0
Sunny,Comedy,2008,7.8,English,United States,22.0
Halo 4: Forward Unto Dawn,Action,2012,6.7,English,United States,100.0
Monster,Action,2008,6.5,"Korean,English",South Korea,120.0
Alex Strangelove,Comedy,2018,6.3,English,United States,99.0
The Other Side of the Wind,Drama,2018,6.7,"English,German","France,Iran,United States",122.0
Day of the Dead: Bloodline,Horror,2017,3.4,English,"Bulgaria,United States",90.0
The Quake,Action,2018,6.2,Norwegian,Norway,106.0
First They Killed My Father,Biography,2017,7.1,"Khmer,English,French","Cambodia,United States",136.0
"Berlin, I Love You",Drama,2019,4.6,"English,German",Germany,120.0
Otherhood,Comedy,2019,6.1,English,"United Kingdom,United States",100.0
Damsel,Adventure,2018,5.5,English,United States,113.0
13th,Documentary,2016,8.2,English,United States,100.0
6 Years,Drama,2015,5.5,English,United States,79.0
Rainbow,Drama,2015,8.0,Hindi,India,106.0
Triple Threat,Action,2019,5.6,"English,Mandarin,Thai","Thailand,China,United States",96.0
Queen,Adventure,2013,7.1,"Hindi,English,French,Japanese,Dutch",India,146.0
Damascus Cover,Mystery,2018,5.3,"Arabic,German,English",United Kingdom,93.0
Pee-wee's Big Holiday,Comedy,2016,6.1,"English,Spanish",United States,90.0
The After Party,Comedy,2018,5.7,,United States,120.0
Berserk: The Golden Age Arc I - The Egg of the King,Animation,2012,7.5,"Japanese,English",Japan,76.0
After Porn Ends,Documentary,2012,5.7,English,United States,94.0
The Dawn Wall,Documentary,2018,8.1,English,"Austria,United States",100.0
Earthquake Bird,Crime,2019,5.9,"English,Japanese","United Kingdom,Japan,United States",107.0
Message from the King,Action,2017,6.4,"English,Armenian","United Kingdom,France,Belgium,United States",102.0
Players,Crime,2012,4.1,"English,Spanish",United States,88.0
The Returned,Drama,2013,7.0,French,France,52.0
Uncorked,Drama,2020,6.4,English,United States,104.0
Berserk: The Golden Age Arc III - The Advent,Animation,2013,7.8,"Japanese,English",Japan,110.0
Point Blank,Action,2019,5.7,English,"France,United States",86.0
Private Life,Comedy,2018,7.2,English,United States,123.0
Acrimony,Drama,2018,5.8,English,United States,120.0
Like Father,Comedy,2018,6.1,English,United States,98.0
Other People,Comedy,2016,6.8,English,United States,97.0
Article 15,Crime,2019,8.2,Hindi,India,130.0
Mine,Drama,2016,7.7,English,"United States,Spain,Italy",106.0
"Oh, Ramona!",Comedy,2019,4.8,English,Romania,109.0
System Crasher,Drama,2019,7.8,German,Germany,125.0
SPF-18,Romance,2017,3.2,English,United States,75.0
Unicorn Store,Comedy,2017,5.6,English,United States,92.0
Marfa Girl,Drama,2012,5.2,English,United States,105.0
The Beyond,Horror,2018,4.9,Italian,Italy,87.0
XX,Horror,2017,4.6,English,"Canada,United States",80.0
The Prince,Drama,2014,4.6,Arabic,Egypt,
Steve Martin and Martin Short: An Evening You Will Forget for the Rest of Your Life,Comedy,2018,7.1,English,United States,74.0
Dry Martina,Comedy,2018,5.8,Spanish,"Chile,Argentina",95.0
Joshua,Drama,2002,5.8,English,United States,106.0
Lady Driver,Sport,2020,5.7,English,United States,104.0
Roped,Drama,2020,5.4,English,United States,91.0
Nothing to Hide,Comedy,2018,6.8,French,"France,Belgium",90.0
Tell Me Who I Am,Documentary,2019,7.6,English,United Kingdom,85.0
Next Gen,Animation,2018,6.6,"English,Mandarin","China,Canada,United States",106.0
The Angel,Drama,2018,6.6,"English,Hebrew,Arabic,Italian","Israel,United States",114.0
From the Dark,Horror,2014,4.9,English,Ireland,90.0
Happy as Lazzaro,Drama,2018,7.5,"Italian,English","Italy,Switzerland,France,Germany",128.0
American Factory,Documentary,2019,7.4,"English,Mandarin",United States,110.0
The Bling Ring,Biography,2013,5.6,English,"United States,United Kingdom,France,Germany,Japan",90.0
Blue Jay,Drama,2016,7.2,English,United States,80.0
Acts of Violence,Action,2018,5.3,English,Canada,86.0
The Ruthless,Crime,2019,6.2,Italian,"Italy,France",111.0
ARQ,Action,2016,6.3,English,"Canada,United States",88.0
Tune in for Love,Drama,2019,7.1,Korean,South Korea,122.0
The Duchess,Biography,2008,6.7,English,"United Kingdom,Italy,France,United States",110.0
Jarhead 2: Field of Fire,Action,2014,5.4,English,United States,103.0
Wonder Park,Animation,2019,5.8,English,"Spain,United States",85.0
Mascots,Comedy,2016,5.8,English,United States,89.0
Blackout,Action,2007,5.9,Russian,Russia,153.0
Voyeur,Drama,2017,6.1,"English,Italian",Italy,98.0
Ugly,Crime,2013,8.0,Hindi,India,128.0
Gnome Alone,Animation,2017,5.6,English,"United Kingdom,Canada,United States,Cayman Islands",85.0
Sharknado 2: The Second One,Action,2014,4.0,English,United States,95.0
Stree,Comedy,2018,7.5,Hindi,India,128.0
Middle School: The Worst Years of My Life,Comedy,2016,6.0,"English,Khmer","United States,Cambodia",92.0
Zapped,Comedy,2014,5.0,English,"Canada,United States",102.0
Father of the Year,Comedy,2018,5.2,English,United States,94.0
Tag,Comedy,2015,6.1,"English,Spanish",United States,100.0
Toc Toc,Drama,2017,6.8,"English,Spanish","United States,Chile,Israel",99.0
Mr. Roosevelt,Comedy,2017,6.2,English,United States,90.0
The Invisible Guardian,Thriller,2017,6.4,"Spanish,English,Basque","Spain,Germany",129.0
Sweet Virginia,Drama,2017,6.2,English,Canada,93.0
Edge of Fear,Thriller,2018,4.5,"English,Chinese",United States,91.0
"My Teacher, My Obsession",Drama,2018,4.4,English,United States,90.0
Sextuplets,Comedy,2019,4.4,English,United States,97.0
22 Bullets,Action,2010,6.6,French,France,117.0
Wheelman,Action,2017,6.4,English,United States,82.0
Benji,Crime,2018,6.3,English,"United Arab Emirates,United States",87.0
A Fortunate Man,Drama,2018,7.2,"Danish,German",Denmark,162.0
The Trap,Drama,2019,4.3,"English,Spanish",United States,62.0
The Devil Inside,Horror,2012,4.2,"English,German,Italian",United States,83.0
Paddleton,Comedy,2019,7.1,English,United States,89.0
Headshot,Action,2016,6.3,English,United States,92.0
Holiday in the Wild,Comedy,2019,6.1,English,United States,85.0
Saving Zoë,Crime,2019,5.3,English,United States,95.0
The Hurricane Heist,Action,2018,5.1,"American Sign Language,English","United Kingdom,United States",103.0
LBJ,Biography,2017,6.5,English,United States,98.0
A Christmas Prince,Comedy,2017,5.8,English,United States,92.0
The Hard Way,Drama,2019,4.8,English,United States,109.0
Pandora,Action,2016,6.6,English,United States,42.0
Catfight,Comedy,2017,5.9,English,United States,95.0
When Angels Sleep,Drama,2018,5.5,Spanish,Spain,91.0
The Body,Adventure,2019,5.4,English,United States,89.0
The Skin of the Wolf,Drama,2018,5.8,Spanish,Spain,110.0
True Memoirs of an International Assassin,Action,2016,5.9,English,United States,98.0
After Porn Ends 3,Documentary,2018,5.4,English,United States,86.0
Justice Served,Thriller,2017,4.7,English,United States,102.0
Happy New Year,Comedy,2014,4.9,English,United States,118.0
Palm Trees in the Snow,Drama,2015,7.3,"Spanish,Kriolu,Aragonese",Spain,163.0
Irreplaceable You,Comedy,2018,6.4,English,United States,96.0
I Still See You,Fantasy,2018,5.8,English,United States,98.0
Clinical,Horror,2017,5.1,English,United States,104.0
Houdini,Biography,2014,7.3,English,"United States,Canada",174.0
The Gruffalo,Animation,2009,7.5,English,"United Kingdom,Germany",27.0
The Princess Switch,Romance,2018,6.0,English,United States,101.0
Rocco,Documentary,2016,5.7,"French,Hungarian,Italian,English",France,105.0
Bodies,Drama,2012,3.6,English,United Kingdom,60.0
The Photographer of Mauthausen,Biography,2018,6.7,"Spanish,German",Spain,110.0
Mindhorn,Comedy,2016,6.3,English,United Kingdom,89.0
A Shaun the Sheep Movie: Farmageddon,Animation,2019,6.8,English,"United Kingdom,France,Belgium,United States",86.0
All Day and a Night,Drama,2020,5.9,English,United States,121.0
18 Presents,Drama,2020,6.9,Italian,Italy,115.0
Animal,Comedy,2014,7.9,English,United States,84.0
David Brent: Life on the Road,Comedy,2016,6.3,English,"United Kingdom,United States",96.0
A Twelve-Year Night,Biography,2018,7.5,Spanish,"Uruguay,Spain,Argentina,France,Germany",122.0
Swearnet: The Movie,Comedy,2014,6.0,English,Canada,112.0
The Incredible Jessica James,Comedy,2017,6.5,English,United States,85.0
Special Correspondents,Comedy,2016,5.9,"English,Spanish","Canada,United Kingdom,United States",101.0
Beats,Comedy,2019,6.3,English,United Kingdom,101.0
The Land of Steady Habits,Comedy,2018,6.2,English,United States,98.0
Hamlet,Drama,2012,5.2,English,"United Kingdom,United States",242.0
Isi & Ossi,Comedy,2020,6.4,German,Germany,113.0
I Am Jonas,Drama,2020,7.0,French,France,82.0
Vault,Action,2019,5.4,English,United States,99.0
Solo,Action,2017,5.0,English,United States,135.0
The Holiday Calendar,Drama,2018,5.7,English,United States,95.0
A Cinderella Story: Christmas Wish,Comedy,2019,5.2,English,United States,85.0
An Interview with God,Drama,2018,5.8,English,United States,97.0
The Main Event,Action,2020,4.8,English,United States,101.0
The Last Laugh,Comedy,2019,5.6,English,United States,98.0
Sky High,Adventure,2012,5.5,"English,Cantonese",United States,100.0
Once Upon a Time in London,Crime,2019,5.4,English,United Kingdom,111.0
First Match,Drama,2018,6.4,English,United States,102.0
The Knight Before Christmas,Adventure,2019,5.5,English,United States,92.0
Girls with Balls,Comedy,2019,3.9,French,"France,Belgium",77.0
Berserk: The Golden Age Arc II - The Battle for Doldrey,Animation,2012,7.7,"Japanese,English",Japan,95.0
Heartthrob,Drama,2017,5.4,English,United States,86.0
The Sky Is Pink,Drama,2019,7.6,"English,Hindi","India,United Kingdom,Canada,United States",143.0
iBoy,Action,2017,5.9,English,United Kingdom,90.0
Gaga: Five Foot Two,Documentary,2017,7.0,English,United States,100.0
The Drug King,Action,2018,6.2,"Korean,Japanese",South Korea,139.0
A Sun,Crime,2019,7.6,Mandarin,Taiwan,156.0
Luna Park,Action,2013,6.5,English,United States,
OtherLife,Crime,2017,6.2,English,"Australia,United Arab Emirates",96.0
The Edge of Democracy,Documentary,2019,7.3,"Portuguese,English",Brazil,121.0
The Most Hated Woman in America,Biography,2017,6.1,English,United States,91.0
Your Son,Drama,2018,6.1,Spanish,"Spain,France",103.0
4 Moons,Drama,2014,7.4,Spanish,Mexico,110.0
The Legacy of a Whitetail Deer Hunter,Comedy,2018,5.5,English,United States,83.0
Mrs. Serial Killer,Drama,2020,4.2,"Hindi,English",India,106.0
6 Balloons,Drama,2018,5.9,English,United States,74.0
Guilty,Crime,2020,5.4,Hindi,India,132.0
El Camino Christmas,Comedy,2017,5.7,English,United States,89.0
Eerie,Horror,2018,4.6,"Filipino,Tagalog","Philippines,Singapore",101.0
Coffee & Kareem,Action,2020,5.1,English,United States,88.0
Take Me,Comedy,2017,6.1,English,United States,83.0
The Outcasts,Comedy,2017,5.4,English,United States,95.0
Atlantics,Drama,2019,6.7,"Wolof,French,English,Arabic","France,Senegal,Belgium",106.0
High Society,Comedy,2017,5.5,English,United States,111.0
Small Crimes,Crime,2017,5.8,English,"Canada,United States",95.0
Tallulah,Comedy,2016,6.7,English,United States,111.0
May the Devil Take You,Horror,2018,5.9,Indonesian,Indonesia,110.0
Gun City,Crime,2018,6.3,Spanish,"Spain,France",126.0
Svaha: The Sixth Finger,Horror,2019,6.2,Korean,South Korea,122.0
Perdida,Drama,2018,5.6,English,United States,149.0
Winter on Fire: Ukraine's Fight for Freedom,Documentary,2015,8.3,"Ukrainian,Russian,English","United Kingdom,Ukraine,United States",102.0
The Monkey King,Action,1964,8.1,Mandarin,"China,Hong Kong",119.0
Mersal,Action,2017,7.5,Tamil,India,172.0
Lady J,Drama,2018,6.8,French,France,109.0
Rebirth,Thriller,2016,4.9,"English,French",United States,100.0
Christmas Inheritance,Comedy,2017,5.7,English,United States,104.0
Crash Pad,Comedy,2017,5.7,English,"Canada,United States",91.0
The World Is Yours,Comedy,2018,6.3,"French,English,Spanish,Arabic",France,102.0
One Day,Drama,2011,7.0,English,"United States,United Kingdom",107.0
Pokémon: Mewtwo Strikes Back - Evolution,Animation,2019,5.7,"Japanese,English",Japan,98.0
The Numbers Station,Action,2013,5.6,English,"United Kingdom,Belgium,United States",89.0
Invader ZIM: Enter the Florpus,Animation,2019,7.4,"English,Korean","South Korea,United States",71.0
High Flying Bird,Drama,2019,6.2,English,United States,90.0
Godspeed,Adventure,2016,6.5,"English,French","Germany,United States",94.0
Results,Comedy,2015,5.4,"English,Japanese",United States,105.0
Blame!,Animation,2017,6.6,Japanese,Japan,106.0
Miss Americana,Documentary,2020,7.4,English,United States,85.0
The Forest of Love,Crime,2019,6.3,Japanese,Japan,151.0
School Life,Comedy,2019,6.5,"French,Arabic",France,111.0
The Polka King,Biography,2017,5.9,English,United States,95.0
Twin Murders: The Silence of the White City,Action,2019,5.3,Spanish,Spain,110.0
Wolf,Drama,2012,8.0,"English,Spanish",United States,125.0
Super Buddies,Family,2013,4.2,,United States,81.0
Jarhead 3: The Siege,Action,2016,5.1,English,United States,95.0
Girlfriend's Day,Comedy,2017,5.2,English,United States,65.0
Rattlesnake,Drama,2019,4.6,English,United States,85.0
Altered Carbon: Resleeved,Animation,2020,6.5,Japanese,"Japan,United States",74.0
White Fang,Adventure,2018,6.9,English,United States,107.0
Jo Koy: Live from Seattle,Comedy,2017,7.3,English,United States,62.0
Steel Rain,Action,2017,7.1,"Korean,Mandarin,English",South Korea,139.0
The Resistance Banker,Biography,2018,6.9,Dutch,"Netherlands,Belgium",123.0
NiNoKuni,Animation,2019,6.1,"Japanese,English",Japan,106.0
Nappily Ever After,Comedy,2018,6.4,English,United States,98.0
Animal World,Animation,2018,6.4,English,United States,30.0
The Maus,Drama,2017,4.6,"English,Bosnian,Serbian,German",Spain,90.0
Flavors of Youth,Animation,2018,6.6,"Mandarin,English","China,Japan",74.0
Furie,Action,2019,6.3,"English,German","United States,China,United Kingdom",134.0
Indiscretion,Crime,2016,4.8,English,United States,99.0
Illang: The Wolf Brigade,Action,2018,5.9,Korean,South Korea,139.0
I Am Not an Easy Man,Comedy,2018,6.3,French,France,98.0
Walk. Ride. Rodeo.,Biography,2019,6.4,English,United States,100.0
Te3n,Drama,2016,7.2,Hindi,India,136.0
Amanda Knox,Documentary,2016,6.9,"English,Italian","Denmark,United States",92.0
Swiped,Comedy,2018,3.1,English,United States,93.0
Cowspiracy: The Sustainability Secret,Documentary,2014,8.1,English,United States,90.0
Rising High,Comedy,2020,5.9,"German,English",Germany,94.0
Intuition,Crime,2014,5.5,Spanish,Argentina,116.0
Barry,Action,2016,5.9,English,United States,30.0
See You Yesterday,Action,2019,5.2,English,United States,84.0
The Big Combo,Crime,1955,7.3,"English,Swedish",United States,87.0
Win It All,Comedy,2017,6.2,English,United States,88.0
Radio Rebel,Comedy,2012,5.8,English,United States,85.0
Opening Night,Drama,2016,6.0,English,United States,144.0
St. Agatha,Horror,2019,4.9,English,United States,103.0
Happy Anniversary,Comedy,2018,5.7,English,United States,78.0
Shanghai Fortress,Sci-Fi,2019,4.4,"Mandarin,English",China,107.0
The Breaker Upperers,Comedy,2018,5.9,English,New Zealand,90.0
Kahaani,Mystery,2012,8.1,Hindi,India,122.0
They Call Me Jeeg,Action,2015,7.0,Italian,Italy,112.0
Walt Before Mickey,Biography,2015,5.9,"English,Spanish",United States,107.0
Soaked in Bleach,Documentary,2015,7.3,English,United States,90.0
Mercy Black,Horror,2019,4.9,English,United States,88.0
Pottersville,Comedy,2017,5.4,English,United States,84.0
The Black Room,Comedy,2016,3.4,English,United States,91.0
Setup,Action,2011,4.4,English,United States,85.0
Monogamy,Drama,2010,6.4,English,United States,30.0
Olaf's Frozen Adventure,Animation,2017,5.6,English,United States,22.0
Duck Duck Goose,Animation,2018,5.7,"English,Mandarin","China,United States,United Kingdom,Thailand,India",91.0
37 Seconds,Drama,2019,7.4,Japanese,Japan,115.0
Who Would You Take to a Deserted Island?,Drama,2019,5.3,"Spanish,English",Spain,93.0
Close Enemies,Drama,2018,6.4,"French,Arabic","France,Belgium",111.0
Nothing to Lose,Action,2018,6.6,English,United States,98.0
Handsome: A Netflix Mystery Movie,Comedy,2017,5.2,English,United States,80.0
Dave Chappelle: Sticks & Stones,Comedy,2019,8.4,English,United States,65.0
The Incident,Crime,2014,6.3,English,United States,107.0
Amateur,Drama,2016,5.9,English,United States,96.0
The Guest House,Romance,2012,3.5,English,United States,82.0
The Silence of the Marsh,Thriller,2019,5.0,Spanish,Spain,92.0
My Suicide,Comedy,2009,7.0,English,United States,107.0
The Awakening of Motti Wolkenbruch,Comedy,2018,6.6,"German,Yiddish,Hebrew",Switzerland,94.0
Bon Cop Bad Cop,Action,2006,6.7,"English,French",Canada,116.0
Christmas with a View,Drama,2018,5.1,English,Canada,91.0
American Son,Drama,2019,5.8,English,United States,90.0
Deadly Switch,Mystery,2019,4.5,English,United States,97.0
Smosh: The Movie,Adventure,2015,3.2,English,United States,84.0
Burn Out,Action,2017,6.2,French,"France,Belgium",107.0
Monsoon,Drama,2001,6.0,"English,Vietnamese",United Kingdom,85.0
Into the Inferno,Documentary,2016,7.2,English,"United Kingdom,Germany,Canada",104.0
Berlin Calling,Comedy,2008,7.2,German,Germany,100.0
The Cursed,Drama,2010,7.1,Korean,South Korea,60.0
A Christmas Prince: The Royal Baby,Family,2019,5.4,English,United States,84.0
Howl,Action,2015,6.6,English,United Kingdom,92.0
Bad Seeds,Comedy,2018,7.3,French,"France,Belgium",100.0
XOXO,Drama,2016,5.3,English,United States,92.0
The Perfect Dictatorship,Comedy,2014,7.2,Spanish,Mexico,143.0
Avicii: True Stories,Documentary,2017,7.6,"English,Swedish","Sweden,Netherlands",97.0
Preservation,Horror,2014,4.8,English,United States,90.0
Divines,Crime,2016,7.4,French,"France,Qatar",105.0
Budapest,Comedy,2018,5.4,"French,English","France,Belgium",102.0
Despite Everything,Comedy,2019,5.4,"Spanish,French,English",Spain,78.0
Smoke & Mirrors,Biography,2016,6.8,"Spanish,French,English",Spain,123.0
A Very Murray Christmas,Comedy,2015,5.5,English,United States,56.0
Marco Polo: One Hundred Eyes,Short,2015,7.7,English,United States,28.0
Once Again,Drama,2019,8.4,Hindi,"India,Germany,Austria",101.0
Sun Dogs,Comedy,2017,6.2,English,"Mexico,United States",94.0
He Walked by Night,Crime,1949,7.1,"English,Spanish,Chinese",United States,79.0
The Motive,Comedy,2017,6.5,"Spanish,English","Spain,Mexico",112.0
Shéhérazade,Drama,2018,7.1,English,United States,101.0
Gridlocked,Action,2015,5.8,English,Canada,110.0
Lu Over the Wall,Animation,2017,6.8,Japanese,Japan,112.0
The Jurassic Games,Action,2018,3.8,English,United States,86.0
Candy Jar,Comedy,2018,5.8,English,United States,92.0
Sad Hill Unearthed,Documentary,2017,7.4,"English,Spanish,Italian,French",Spain,86.0
Soni,Crime,2019,7.1,English,United States,110.0
The Kitchen,Action,2012,5.0,"English,Hebrew","United States,Canada",102.0
Virunga,Documentary,2014,8.2,"English,French,Swahili","United Kingdom,Congo",100.0
Barbie: Dolphin Magic,Animation,2017,5.6,English,"United States,Canada",63.0
23:59,Horror,2011,4.5,Mandarin,Singapore,78.0
The Fury of a Patient Man,Action,2016,6.7,Spanish,Spain,92.0
Hangman,Crime,2017,4.6,English,United States,98.0
Ashby,Comedy,2015,6.4,English,United States,100.0
100 Meters,Biography,2016,7.5,Spanish,"Portugal,Spain",108.0
The Barkley Marathons: The Race That Eats Its Young,Documentary,2014,7.7,English,United States,89.0
Airplane Mode,Comedy,2019,5.1,English,United States,80.0
Force 2,Action,2016,6.2,Hindi,India,127.0
Come Sunday,Drama,2018,6.0,English,United States,106.0
Christmas Wedding Planner,Romance,2017,4.3,English,Canada,86.0
Jinn,Fantasy,2014,3.4,English,United States,97.0
Long Shot,Comedy,2017,7.4,"English,Swedish,French,Vietnamese,Russian,Hebrew",United States,125.0
In Family I Trust,Comedy,2019,6.2,Spanish,Spain,97.0
Drive,Crime,2011,3.1,"English,Spanish",United States,100.0
Love Aaj Kal,Drama,2020,4.7,Hindi,India,142.0
Forks Over Knives,Documentary,2011,7.7,English,United States,96.0
Rocky Handsome,Action,2016,6.8,Hindi,India,119.0
Let's Dance,Crime,2019,5.9,English,United States,104.0
Long Nights Short Mornings,Drama,2016,5.4,English,United States,100.0
Advantageous,Drama,2015,6.1,"English,French",United States,90.0
Clair Obscur,Drama,2016,6.4,Turkish,"Turkey,France,Germany,Poland",105.0
Chicago Overcoat,Action,2009,5.9,English,United States,94.0
Eden,Biography,2012,6.6,"French,English",France,131.0
Undefeated,Documentary,2011,7.7,English,United States,113.0
The Devil and Father Amorth,Documentary,2018,4.6,"English,Italian","Italy,United States",68.0
Mercy,Drama,2016,4.1,English,"United Kingdom,United States",108.0
Imperfect,Comedy,2012,7.8,Indonesian,Indonesia,113.0
Any Day Now,Drama,2012,7.4,English,United States,60.0
Adam Sandler: 100% Fresh,Comedy,2018,7.5,English,United States,73.0
Violet Evergarden: Eternity and the Auto Memory Doll,Animation,2019,7.4,Japanese,Japan,90.0
Heartbeats,Drama,2017,5.3,"French,English",Canada,101.0
The Bloodstained Butterfly,Mystery,1971,6.3,Italian,Italy,99.0
A Secret Love,Documentary,2020,7.8,English,United States,81.0
A Christmas Prince: The Royal Wedding,Drama,2018,5.3,English,United States,92.0
Middle of Nowhere,Comedy,2008,6.5,English,United States,95.0
Life,Horror,2015,7.5,"English,Japanese,Vietnamese",United States,104.0
Imperial Dreams,Drama,2014,6.7,English,United States,87.0
Mohawk,Action,2018,4.7,"English,Mohawk,French",United States,91.0
I'll Be Home for Christmas,Comedy,1998,6.1,English,"United States,Canada",86.0
Ricky Gervais: Humanity,Comedy,2018,7.9,English,United Kingdom,79.0
Eating Out: The Open Weekend,Comedy,2011,5.4,"English,Spanish",United States,82.0
Sundown,Action,2016,5.3,English,"Mexico,United States",103.0
The Warning,Action,2018,5.9,Spanish,Spain,92.0
Take Your Pills,Documentary,2018,6.3,English,United States,87.0
Life Itself,Drama,2018,7.8,"English,Spanish","United States,Spain",117.0
Kevin Hart: What Now?,Documentary,2016,5.9,English,United States,96.0
The Battered Bastards of Baseball,Documentary,2014,8.0,English,United States,80.0
Alien Warfare,Action,2019,2.6,English,United States,88.0
No Way Out,Action,2015,6.7,"English,Russian",United States,114.0
Melancholia,Drama,2011,7.3,English,"Denmark,Sweden,France,Germany",135.0
The Golem,Drama,2018,5.5,English,Israel,95.0
Ali's Wedding,Comedy,2017,6.9,"English,Persian,Arabic",Australia,110.0
My Happy Family,Drama,2017,7.4,Georgian,"Georgia,Germany,France",120.0
Good Sam,Comedy,2019,5.7,English,United States,89.0
King Jack,Adventure,2015,6.9,English,United States,81.0
Earth and Blood,Action,2020,5.2,French,"France,Belgium",80.0
"Frankenstein's Monster's Monster, Frankenstein",Short,2019,5.8,English,United States,32.0
Stalked by My Doctor: The Return,Thriller,2016,5.7,English,United States,97.0
Shirkers,Documentary,2018,7.4,English,"United States,United Kingdom",97.0
Dog Gone,Comedy,2008,4.7,English,United States,108.0
Munafik 2,Horror,2018,5.5,Malay,Malaysia,104.0
Jo Pil-ho: The Dawning Rage,Action,2019,6.3,Korean,South Korea,127.0
"Live Twice, Love Once",Comedy,2019,7.2,"Spanish,Catalan",Spain,101.0
Zero,Comedy,2018,5.7,Hindi,India,164.0
Mother,Drama,2016,6.8,English,United States,121.0
Hannah Gadsby: Nanette,Documentary,2018,8.1,English,Australia,69.0
Toro,Action,2016,5.9,Spanish,Spain,105.0
Tigertail,Drama,2020,6.6,"English,Min Nan,Mandarin",United States,91.0
Casting JonBenet,Documentary,2017,6.1,English,"United States,Australia,China",80.0
Coin Heist,Crime,2017,4.8,English,United States,97.0
The Mansion,Comedy,2017,4.6,"French,English,Spanish","France,Belgium",100.0
The Legend of Cocaine Island,Documentary,2018,6.3,English,United States,83.0
"Michael Bolton's Big, Sexy Valentine's Day Special",Comedy,2017,6.8,English,United States,54.0
Strange Weather,Adventure,2016,6.0,English,United States,92.0
Rocko's Modern Life: Static Cling,Animation,2019,6.9,English,United States,45.0
The Keeper,Biography,2004,5.0,"English,German","United Kingdom,Germany",120.0
Savage Dog,Action,2017,4.9,English,United States,94.0
DNA,Crime,1997,6.0,Danish,"Denmark,France",
Brother,Crime,2019,6.7,"Russian,English,French",Russia,96.0
The 101-Year-Old Man Who Skipped Out on the Bill and Disappeared,Adventure,2016,6.3,"Swedish,English,German,Russian",Sweden,108.0
"Bikram: Yogi, Guru, Predator",Documentary,2019,6.7,English,United States,86.0
Time Share,Drama,2018,5.9,"Spanish,English",Mexico,96.0
Spivak,Comedy,2018,5.6,English,United States,91.0
The Real Miyagi,Documentary,2015,7.1,English,"United States,Canada,Japan,Panama",80.0
The Entitled,Crime,2011,4.2,English,Canada,91.0
Act of Vengeance,Action,1974,5.7,"Turkish,English","Turkey,United States",119.0
Audrie & Daisy,Documentary,2016,7.2,English,United States,95.0
The Square,Comedy,2013,8.0,"Swedish,English,Danish","Sweden,Germany,France,Denmark,United States",151.0
1898: Our Last Men in the Philippines,Drama,2016,6.5,Spanish,Spain,105.0
Grandmaster,Action,2012,6.9,Malayalam,India,100.0
"Fat, Sick & Nearly Dead",Documentary,2010,7.5,English,"Australia,United States",97.0
Ajji,Drama,2017,7.0,Hindi,India,104.0
Selfie 69,Action,2016,6.1,"Romanian,English",Romania,116.0
My Wife Is a Gangster 3,Action,2006,6.3,"Korean,Cantonese,French,Mandarin","China,South Korea",115.0
Hulk: Where Monsters Dwell,Animation,2016,5.3,English,United States,75.0
Bo Burnham: Make Happy,Comedy,2016,8.3,English,United States,60.0
Kevin Hart: Irresponsible,Comedy,2019,6.5,English,United States,60.0
Tiger Orange,Drama,2014,6.5,English,United States,75.0
Test,Mystery,2013,6.4,"English,French,Cantonese",United Kingdom,101.0
Tony Robbins: I Am Not Your Guru,Documentary,2016,6.6,English,United States,115.0
Sky Ladder: The Art of Cai Guo-Qiang,Documentary,2017,7.3,"English,Mandarin",United States,76.0
City of Tiny Lights,Crime,2016,5.5,English,United Kingdom,110.0
Ultras,Drama,2020,6.2,Italian,Italy,108.0
Money Heist: The Phenomenon,Documentary,2020,7.5,Spanish,Spain,57.0
Take the 10,Comedy,2017,4.7,English,United States,80.0
The Witness,Thriller,2015,7.0,Korean,South Korea,111.0
Been So Long,Drama,2018,5.5,,,100.0
26 Years,Drama,2012,6.3,Korean,South Korea,135.0
"What Happened, Miss Simone?",Documentary,2015,7.6,"English,French",United States,101.0
Sand Storm,Drama,2016,6.8,Arabic,"Israel,Germany,France",87.0
The Worthy,Action,2016,5.1,"Arabic,English","United Arab Emirates,Romania",99.0
Dear Ex,Comedy,2018,7.3,Mandarin,Taiwan,100.0
Happy Old Year,Drama,2019,7.2,Thai,Thailand,
Us and Them,Drama,2018,7.3,Mandarin,China,120.0
Mo Amer: The Vagabond,Documentary,2018,7.3,English,United States,56.0
The Amityville Haunting,Horror,2011,2.6,English,United States,86.0
Team Foxcatcher,Documentary,2016,7.3,English,United States,90.0
Hisss,Comedy,2010,2.9,"English,Hindi","India,United States",98.0
The 3rd Eye,Horror,2017,5.1,Indonesian,Indonesia,107.0
Revenger,Action,2018,5.7,English,"France,Canada,United States",95.0
This Earth of Mankind,Drama,2019,6.9,Indonesian,Indonesia,181.0
Check Point,Action,2017,3.2,English,United States,97.0
Cardboard Gangsters,Crime,2017,6.4,English,Ireland,92.0
Juanita,Drama,2019,6.0,"English,Spanish",United States,90.0
Lady-Like,Comedy,2017,5.2,English,United States,82.0
Circus of Books,Documentary,2019,7.1,English,United States,92.0
Whitney,Comedy,2018,7.3,English,United States,30.0
Seventeen,Comedy,2019,7.2,English,United States,102.0
Lionheart,Action,2018,5.7,"English,Serbian",United States,108.0
Sunday's Illness,Drama,2018,6.9,"Spanish,French",Spain,113.0
Splatter,Horror,2015,3.2,English,United States,29.0
Becoming,Documentary,2020,6.9,English,United States,89.0
Maktub,Comedy,2017,7.3,Hebrew,Israel,100.0
Maria,Action,2019,5.0,"Tagalog,Filipino,English",Philippines,90.0
Bill Burr: Paper Tiger,Comedy,2019,8.1,English,"United States,United Kingdom",67.0
About Time,Comedy,2013,6.9,English,United Kingdom,123.0
Wildflower,Drama,2016,5.2,English,United States,120.0
Blood Brother,Horror,2013,4.4,English,United States,87.0
Nazi Concentration Camps,Documentary,1945,8.3,English,United States,59.0
Disciples of the 36th Chamber,Action,1985,6.4,"Cantonese,Mandarin",Hong Kong,90.0
Chasing Coral,Documentary,2017,8.0,English,United States,93.0
Welcome to Dongmakgol,Comedy,2005,7.6,"Korean,English",South Korea,133.0
Sabrina,Comedy,2018,4.1,English,United States,22.0
F.R.E.D.I.,Adventure,2018,5.0,,United States,89.0
Filosofi Kopi,Drama,2015,7.1,Indonesian,Indonesia,117.0
Dragon Age: Dawn of the Seeker,Animation,2012,5.7,English,"United States,Japan",90.0
Loev,Drama,2016,5.9,"Hindi,English",India,92.0
Strong Island,Documentary,2017,6.4,English,"United States,Denmark",107.0
Cuba and the Cameraman,Documentary,2017,8.2,"English,Spanish",United States,113.0
Godzilla: The Planet Eater,Animation,2018,5.0,Japanese,Japan,91.0
Habibie & Ainun,Biography,2012,7.6,"Indonesian,German","Indonesia,Singapore",120.0
Sahara,Action,2017,5.5,"English,French,Arabic","United Kingdom,Spain,Germany,United States",124.0
Burning Sands,Drama,2017,6.0,English,United States,96.0
Deep,Animation,2017,4.8,English,"Spain,Belgium,Switzerland,United States,China,United Kingdom",92.0
Silencer,Action,2018,3.8,English,United States,88.0
Layla M.,Drama,2016,6.6,"Arabic,English,Dutch","Netherlands,Belgium,Germany,Jordan",98.0
American Dreamer,Crime,2019,6.2,English,United States,92.0
Made in China,Comedy,2019,6.3,Hindi,India,128.0
Garbage,Drama,2018,3.7,"English,Hindi",India,105.0
And Breathe Normally,Drama,2018,6.9,"Icelandic,English","Iceland,Sweden,Belgium",95.0
Homecoming: A Film by Beyoncé,Documentary,2019,7.5,English,United States,137.0
Running Wild,Drama,2006,5.8,English,United States,101.0
Chopsticks,Comedy,2019,6.5,Hindi,India,100.0
Chhota Bheem Kung Fu Dhamaka,Animation,2019,5.3,"Hindi,English",India,97.0
Dragon Quest: Your Story,Animation,2019,6.5,Japanese,Japan,103.0
Hold Your Breath,Drama,2012,3.3,"French,English","France,Canada",89.0
Coyotes,Drama,1999,5.2,English,United States,90.0
Her Infidelity,Drama,2015,3.5,English,Canada,83.0
Our Lovers,Comedy,2016,6.7,Spanish,Spain,88.0
The Plagues of Breslau,Action,2018,5.9,Polish,Poland,93.0
Togo,Adventure,2019,8.1,English,United States,113.0
Ball and Chain,Comedy,2004,4.6,,United States,
Bad Day for the Cut,Action,2017,6.5,English,United Kingdom,99.0
Morris from America,Comedy,2016,6.3,"German,English","Germany,United States",91.0
The Seven Deadly Sins: Prisoners of the Sky,Animation,2018,7.1,Japanese,Japan,99.0
Black Snow,Crime,2017,6.2,Spanish,"Argentina,Spain",90.0
Dead Kids,Horror,2019,5.4,English,"Australia,New Zealand",105.0
Chandni Bar,Crime,2001,7.6,Hindi,India,150.0
Struggle: The Life and Lost Art of Szukalski,Documentary,2018,7.9,English,"Poland,United States",115.0
A Plastic Ocean,Documentary,2016,7.9,English,"United Kingdom,Hong Kong",102.0
Dave Chappelle: Equanimity,Comedy,2017,8.1,English,United States,64.0
Taylor Tomlinson: Quarter-Life Crisis,Comedy,2020,7.4,English,United States,61.0
Bon Cop Bad Cop 2,Action,2017,6.6,"English,French",Canada,126.0
Yucatán,Comedy,2018,5.5,"Spanish,Polish",Spain,129.0
Tactical Force,Action,2011,4.7,English,Canada,91.0
The Gospel of John,Biography,2014,7.7,English,"Canada,United Kingdom",180.0
The Man Without Gravity,Comedy,2019,5.8,"Italian,English,French","Italy,Belgium",107.0
Murder to Mercy: The Cyntoia Brown Story,Documentary,2020,6.3,English,United States,96.0
They'll Love Me When I'm Dead,Documentary,2018,7.4,English,United States,98.0
The Door,Horror,2009,6.9,"English,Hindi,Sanskrit","United Kingdom,United States,India",96.0
Seven in Heaven,Drama,2018,5.3,English,United States,94.0
Light in the Dark,Thriller,2020,5.6,English,Nigeria,105.0
Brené Brown: The Call to Courage,Documentary,2019,7.7,,,76.0
Cities of Last Things,Crime,2018,6.2,"Mandarin,English,French","Taiwan,China,France,United States",106.0
Zach Galifianakis: Live at the Purple Onion,Documentary,2007,7.2,English,United States,72.0
Godzilla: City on the Edge of Battle,Animation,2018,5.8,Japanese,Japan,101.0
Temple,Crime,2017,3.6,English,United Kingdom,
Laddaland,Drama,2011,6.2,Thai,Thailand,113.0
Danur,Horror,2017,5.3,Indonesian,Indonesia,74.0
Manson Family Vacation,Comedy,2015,5.8,English,United States,84.0
Abzurdah,Biography,2015,5.4,Spanish,Argentina,89.0
Death Clique,Crime,2014,5.4,English,United States,83.0
Full Count,Drama,2019,5.6,,United States,110.0
Travis Scott: Look Mom I Can Fly,Documentary,2019,6.3,English,United States,84.0
Alice in Wonderland,Adventure,1951,7.4,English,United States,108.0
Amy Schumer: The Leather Special,Comedy,2017,3.1,English,United States,57.0
Naked Among Wolves,Drama,2015,7.2,"German,Polish,French,Spanish,English",Germany,105.0
1920,Horror,2008,6.4,Hindi,India,138.0
Consent,Drama,2010,5.8,English,United States,87.0
The Secrets of Emily Blair,Horror,2016,4.1,English,United States,95.0
The Bleeding Edge,Documentary,2018,7.6,English,"Australia,United States",99.0
The Rachel Divide,Documentary,2018,6.3,English,United States,100.0
Aliens on the Moon: The Truth Exposed,Sci-Fi,2014,3.4,English,United States,86.0
Misfit,Comedy,2017,4.3,German,Germany,82.0
The Present,Drama,2014,7.6,English,United States,85.0
Darc,Action,2018,5.8,"English,Japanese",United States,97.0
Little Boxes,Comedy,2017,5.9,English,United States,84.0
Trixie Mattel: Moving Parts,Documentary,2019,7.3,English,United States,91.0
My Perfect Romance,Romance,2018,4.6,English,Canada,91.0
Detention,Comedy,2003,6.3,English,United States,95.0
Hasan Minhaj: Homecoming King,Comedy,2017,8.2,English,,73.0
The Killer Is Loose,Crime,1956,6.6,English,United States,73.0
The Journey Is the Destination,Drama,2016,6.3,English,United States,123.0
Skew,Horror,2011,4.4,English,Canada,83.0
Phobia 2,Comedy,2009,6.6,Thai,Thailand,125.0
Bert Kreischer: The Machine,Comedy,2016,7.6,English,United States,70.0
Shepherds and Butchers,Drama,2017,6.8,"English,Afrikaans","South Africa,United States,Germany",106.0
The Last Word,Drama,2017,7.0,"English,Sign Languages","United Kingdom,Sweden,Denmark,Ireland",92.0
Monty Python: The Meaning of Live,Documentary,2014,7.6,English,United Kingdom,90.0
X: Past Is Present,Drama,2015,5.2,"Hindi,English,Bengali,Tamil",India,105.0
Rajma Chawal,Comedy,2018,5.7,Hindi,India,117.0
Deuces,Action,2017,5.8,English,United States,87.0
Mostly Sunny,Documentary,2017,5.4,English,Canada,83.0
Bhangra Paa Le,Comedy,2020,6.2,Hindi,India,131.0
Ungli,Crime,2014,5.8,Hindi,India,114.0
Our Godfather,Documentary,2019,6.8,English,United Kingdom,92.0
Bill Burr: I'm Sorry You Feel That Way,Comedy,2014,8.2,English,United States,80.0
I Do,Romance,2013,6.4,English,United States,79.0
River's Edge,Crime,2018,6.2,English,United States,99.0
A Land Imagined,Drama,2019,6.2,"Bengali,English,Mandarin","Singapore,France,Netherlands",95.0
Keith Richards: Under the Influence,Documentary,2015,7.1,English,United States,81.0
League of Legends Origins,Documentary,2019,6.5,English,United States,77.0
Boi,Mystery,2019,5.0,"Spanish,English",Spain,110.0
Champion,Biography,2002,6.6,Turkish,Turkey,130.0
Godzilla: Planet of the Monsters,Animation,2017,6.0,Japanese,Japan,89.0
Taylor Swift: Reputation Stadium Tour,Documentary,2018,8.4,,,125.0
Hot Gimmick: Girl Meets Boy,Drama,2019,4.4,Japanese,Japan,119.0
Pickpockets,Crime,2018,5.4,Spanish,Colombia,108.0
The Ape,Adventure,1940,5.9,English,United States,100.0
Grass is Greener,Documentary,2019,7.1,,,97.0
Invisible,Action,2017,6.0,English,"United States,Germany",112.0
Saving Capitalism,Documentary,2017,6.8,English,United States,73.0
Along Came Jones,Comedy,1945,6.4,English,United States,90.0
Stash House,Thriller,2012,4.7,English,United States,99.0
The Carer,Comedy,2016,6.5,,"Hungary,United Kingdom",89.0
Kardec,Biography,2019,6.1,Portuguese,Brazil,110.0
Kevin Hart: Let Me Explain,Documentary,2013,6.6,English,United States,75.0
Frank and Cindy,Comedy,2015,6.1,English,United States,102.0
Brahman Naman,Comedy,2016,5.5,English,"India,United Kingdom",95.0
Holiday Rush,Comedy,2019,4.9,English,United States,92.0
The Death and Life of Marsha P. Johnson,Documentary,2017,7.2,English,"Greece,United States",105.0
Dovlatov,Biography,2018,6.4,"Russian,Spanish,Finnish","Russia,Poland,Serbia",126.0
The Chosen,Drama,1981,3.5,English,,
Battle,Drama,2018,5.9,"Norwegian,English","Norway,Denmark,Netherlands,Sweden",95.0
Aliens: Zone of Silence,Horror,2017,3.4,"English,Spanish","United States,Mexico",79.0
Louis C.K. 2017,Comedy,2017,7.6,English,United States,74.0
Maska,Action,2020,5.9,"English,Swedish",United States,101.0
Miss Representation,Documentary,2011,7.5,English,United States,85.0
Ali Wong: Baby Cobra,Comedy,2016,7.5,English,United States,60.0
Rudy Habibie,Biography,2016,7.5,"Indonesian,German,Dutch,English",Indonesia,124.0
Ready to Mingle,Comedy,2019,5.9,Spanish,Mexico,95.0
Aleksandr's Price,Drama,2013,4.8,"English,Russian",United States,108.0
The Pill,Comedy,2011,5.4,English,United States,83.0
Reset,Horror,2017,8.1,English,United States,92.0
Sinister Squad,Action,2016,2.2,English,United States,90.0
Catching Feelings,Comedy,2017,5.6,English,South Africa,124.0
Hypersomnia,Fantasy,2016,5.0,Spanish,Argentina,90.0
Larceny,Action,2017,3.4,English,"United States,Mexico",87.0
The Silence of the Sky,Drama,2016,6.5,"Spanish,Portuguese",Brazil,102.0
Mission Blue,Documentary,2014,7.9,English,"United States,Bermuda,Ecuador",95.0
Autumn,Drama,2010,3.1,"Turkish,Georgian","Turkey,Germany",99.0
The Accountant of Auschwitz,Documentary,2018,7.3,"English,German",Canada,78.0
Why Me?,Action,2015,7.4,English,United States,87.0
The Trader,Documentary,2018,6.7,Georgian,Georgia,23.0
Milada,Biography,2017,6.3,"English,German,Czech","Czech Republic,United States",124.0
Seoul Searching,Comedy,2015,7.0,"English,Korean,German","South Korea,China,United States",105.0
Hellions,Drama,2015,4.2,English,Canada,80.0
My Beautiful Broken Brain,Documentary,2014,7.0,English,United Kingdom,86.0
Particle Fever,Documentary,2013,7.4,English,United States,99.0
Neverlake,Drama,2014,5.3,English,Italy,86.0
Sara's Notebook,Adventure,2018,5.9,"Spanish,French,Swahili,English,Italian",Spain,115.0
"To Each, Her Own",Comedy,2018,5.4,French,France,95.0
Joan Didion: The Center Will Not Hold,Documentary,2017,7.5,English,United States,94.0
The Creative Brain,Documentary,2019,6.3,English,United States,52.0
Quincy,Crime,2018,7.6,English,United States,60.0
End Game,Action,2018,7.1,English,"Germany,United States,Canada",93.0
Yes or No,Comedy,2010,6.7,Thai,Thailand,102.0
Joe Rogan: Strange Times,Comedy,2018,7.3,,,63.0
Knock Down the House,Documentary,2019,7.2,English,United States,87.0
ReMastered: Devil at the Crossroads,Documentary,2019,7.0,English,United States,48.0
Reversing Roe,Documentary,2018,7.5,English,United States,99.0
Iliza Shlesinger: War Paint,Comedy,2013,6.6,English,United States,75.0
David A. Arnold Fat Ballerina,Comedy,2020,7.0,English,United States,60.0
Paranormal Investigation,Horror,2018,3.7,French,"United States,France",92.0
The Black Godfather,Documentary,2019,7.5,English,United States,118.0
Tom Segura: Disgraceful,Documentary,2018,7.5,English,United States,71.0
Evelyn,Drama,2002,7.2,English,"United States,Germany,Ireland,United Kingdom,Netherlands",94.0
Bert Kreischer: Hey Big Boy,Comedy,2020,7.0,English,United States,62.0
Generation Iron 2,Documentary,2017,6.1,English,United States,106.0
Bert Kreischer: Secret Time,Comedy,2018,7.3,,,57.0
The Cell,Horror,2017,6.3,English,"United States,Germany",107.0
The 3rd Eye 2,Horror,2019,5.4,Indonesian,Indonesia,116.0
Feminists: What Were They Thinking?,Documentary,2018,7.0,English,United States,86.0
Heroin(e),Documentary,2017,6.8,English,United States,39.0
Paris Is Us,Drama,2019,4.6,French,France,83.0
Music Teacher,Drama,2018,6.2,Hindi,India,101.0
Gie,Biography,2005,7.6,Indonesian,Indonesia,147.0
Revenge of the Pontianak,Horror,2019,5.3,Malay,"Singapore,Malaysia",92.0
Last Will,Drama,2011,4.5,"Swedish,English",Sweden,90.0
Tom Segura: Ball Hog,Comedy,2020,7.3,English,United States,70.0
Money,Crime,2016,5.5,"English,Spanish","United States,Spain",86.0
Let's Be Evil,Horror,2016,4.3,,United Kingdom,82.0
The Philly Kid,Action,2012,5.6,English,United States,90.0
Parked,Drama,2010,6.7,English,"Ireland,Finland",94.0
Pray for Rain,Drama,2017,5.3,English,United States,92.0
Street,Drama,2015,4.6,English,United States,90.0
Chief Daddy,Comedy,2018,4.7,"English,Yoruba",Nigeria,99.0
The Laws of Thermodynamics,Comedy,2018,6.0,"Spanish,English",Spain,100.0
Dancing with the Birds,Documentary,2019,8.2,English,United States,51.0
The White Helmets,Documentary,2016,7.5,"Arabic,English",United Kingdom,41.0
Street Flow,Crime,2019,6.4,French,France,96.0
Kevin Hart's Guide to Black History,Comedy,2019,5.5,English,United States,62.0
War Flowers,Drama,2012,4.2,English,United States,99.0
The Treasure,Action,2015,7.0,Arabic,Egypt,157.0
Monty Python Live (Mostly),Documentary,2014,7.6,"Spanish,English",United Kingdom,162.0
Rats,Horror,2003,6.5,Italian,Italy,97.0
John Mulaney: Kid Gorgeous at Radio City,Comedy,2018,7.9,English,United States,65.0
We Are Family,Comedy,2016,6.1,English,United States,94.0
Anthony Jeselnik: Fire in the Maternity Ward,Comedy,2019,7.2,English,United States,64.0
Period. End of Sentence.,Documentary,2018,7.4,"Hindi,English",United States,26.0
Küçük Esnaf,Action,2016,5.6,Turkish,Turkey,104.0
Mad World,Drama,2016,7.2,Cantonese,Hong Kong,101.0
The Road to El Camino: Behind the Scenes of El Camino: A Breaking Bad Movie,,2019,7.1,,,
Paradise Lost,Drama,2017,7.0,,,
Deidra & Laney Rob a Train,Comedy,2017,6.0,English,United States,92.0
Bethany Hamilton: Unstoppable,Documentary,2019,7.4,English,United States,100.0
Target,Action,2018,4.0,"English,German,Japanese,Serbian",United States,103.0
A Christmas Tree Miracle,Family,2013,6.5,English,United States,102.0
Helios,Action,2015,5.5,"Cantonese,Mandarin,Korean","Hong Kong,China,United States",118.0
Pants on Fire,Comedy,2014,5.1,English,United Kingdom,30.0
Bill Burr: Walk Your Way Out,Comedy,2017,7.2,English,United States,77.0
American Violence,Crime,2017,4.4,English,United States,107.0
Joy,Biography,2018,6.6,"English,Spanish,French",United States,124.0
Pete Davidson: Alive from New York,Comedy,2020,6.1,English,United States,49.0
King's Faith,Drama,2013,6.2,English,United States,108.0
Atone,Action,2019,3.1,,United States,89.0
Get Me Roger Stone,Documentary,2017,7.3,English,United States,92.0
Moms at War,Comedy,2018,6.4,English,Nigeria,90.0
Sebastian Maniscalco: What's Wrong with People?,Comedy,2012,8.0,English,United States,75.0
Quiet Victory: The Charlie Wedemeyer Story,Drama,1988,7.2,English,United States,100.0
Soekarno,Biography,2013,6.9,Indonesian,Indonesia,137.0
The American Meme,Documentary,2018,6.7,English,United States,98.0
Veronica,Comedy,2017,5.8,English,United States,94.0
Bhouri,Drama,2017,6.6,Hindi,India,140.0
Chris Tucker Live,Documentary,2015,6.3,English,United States,92.0
Manhattan Romance,Comedy,2015,5.6,English,United States,94.0
Asperger's Are Us,Documentary,2016,6.6,English,United States,82.0
The Short Game,Documentary,2013,7.3,"English,French",United States,99.0
Extremis,Horror,2016,7.3,English,United Kingdom,93.0
There's Something in the Water,Documentary,2019,6.5,English,Canada,73.0
Jeff Dunham: Beside Himself,Comedy,2019,6.9,English,United States,58.0
The Ivory Game,Documentary,2016,7.8,English,Austria,112.0
Trevor Noah: Afraid of the Dark,Comedy,2017,7.2,English,United States,67.0
City of Ghosts,Crime,2017,7.5,"English,French,Khmer,Russian",United States,116.0
One More Time,Comedy,2016,6.8,English,United States,98.0
The Boss's Daughter,Comedy,2016,5.4,French,France,98.0
Merry Men: The Real Yoruba Demons,Comedy,2018,4.9,"English,Yoruba",Nigeria,106.0
Sebastian Maniscalco: Stay Hungry,Comedy,2019,7.1,English,United States,65.0
Anthony Jeselnik: Thoughts and Prayers,Comedy,2015,7.7,English,United States,59.0
Leslie Jones: Time Machine,Comedy,2020,5.3,,United States,66.0
LA Originals,Documentary,2020,7.2,English,"United States,Argentina",92.0
Machhli Jal Ki Rani Hai,Horror,2014,2.3,Hindi,India,120.0
Pachamama,Animation,2018,6.8,"English,French","France,Luxembourg,Canada",72.0
Lens,Drama,2016,6.6,"English,Malayalam,Tamil,Hindi",India,109.0
Swing State,Comedy,2017,3.7,English,United States,95.0
Theo Von: No Offense,Documentary,2016,5.6,English,United States,67.0
Jerry Before Seinfeld,Comedy,2017,7.0,English,United States,62.0
Recovery Boys,Documentary,2018,6.7,English,United States,89.0
Azali,Drama,2018,5.6,Akan,Ghana,92.0
River of Darkness,Drama,2011,2.2,English,"United Kingdom,United States",130.0
Jeff Dunham: Arguing with Myself,Comedy,2006,8.0,English,United States,76.0
Bon Bini Holland,Comedy,2015,5.4,Dutch,Netherlands,85.0
The App,Drama,2019,2.7,"Italian,English",Italy,78.0
Jefe,Comedy,2018,5.4,Spanish,"Spain,Portugal",89.0
Roll Red Roll,Documentary,2019,7.1,English,United States,80.0
Kevin James: Never Don't Give Up,Comedy,2018,6.2,English,United States,62.0
Yeh Ballet,Drama,2020,7.5,Hindi,India,117.0
Jeff Dunham: Controlled Chaos,Comedy,2011,7.4,English,United States,97.0
Slam,Comedy,2008,6.1,Italian,Italy,100.0
"Love, Surreal and Odd",Comedy,2017,5.6,Turkish,Turkey,95.0
King of Boys,Drama,2018,5.9,"Yoruba,English,Ibo,Hausa",Nigeria,169.0
Up North,Drama,2018,5.5,English,Nigeria,99.0
Tom Segura: Mostly Stories,Comedy,2016,7.5,English,United States,73.0
You Carry Me,Action,2015,7.0,Croatian,"Croatia,Slovenia,Serbia,Montenegro",155.0
House Arrest,Comedy,1996,5.5,English,United States,108.0
People You May Know,Comedy,2016,5.6,English,United States,92.0
"Ram Dass, Going Home",Documentary,2017,7.0,English,United States,31.0
7 Chinese Brothers,Comedy,2015,5.6,English,"United States,Greece",76.0
Ghosts of Sugar Land,Documentary,2019,5.5,English,United States,21.0
The Avenging Eagle,Action,1978,7.4,"Mandarin,Cantonese",Hong Kong,90.0
The Burial of Kojo,Drama,2018,6.4,"Akan,English","Ghana,United States",80.0
Boss Wants a Happy Ending,Comedy,2014,6.0,Turkish,Turkey,109.0
First Kiss,Comedy,2012,3.8,Turkish,Turkey,113.0
Death and Cremation,Drama,2010,5.6,English,United States,86.0
Video Games: The Movie,Documentary,2014,6.1,English,United States,101.0
Mere Pyare Prime Minister,Drama,2019,6.8,English,India,104.0
Atari: Game Over,Documentary,2014,6.7,"English,Spanish,German,French,Italian",United States,66.0
Call Me Lucky,Documentary,2015,7.5,English,United States,106.0
First Impression,Comedy,2014,5.1,English,United States,96.0
The Most Assassinated Woman in the World,Biography,2018,5.3,French,"Belgium,United Kingdom,United States",102.0
Salam - The First ****** Nobel Laureate,Documentary,2019,7.8,English,United States,75.0
Bygones Be Bygones,Comedy,2017,6.2,Turkish,Turkey,108.0
John Mulaney: The Comeback Kid,Comedy,2015,7.9,English,United States,62.0
1920 London,Horror,2016,4.1,Hindi,India,120.0
Isolated,Adventure,2014,6.1,"English,Indonesian","United States,United Kingdom",85.0
Katt Williams: Great America,Comedy,2018,6.2,English,United States,60.0
Romina,Horror,2018,2.3,Spanish,Mexico,77.0
Thithi,Drama,2015,8.0,Kannada,"India,United States",123.0
Upstarts,Drama,2019,6.7,Hindi,India,112.0
The Man in the Iron Mask,Action,1998,4.7,"English,Italian","France,United States",132.0
Greg Davies: You Magnificent Beast,Comedy,2018,7.1,English,United Kingdom,66.0
Growing Up Wild,Documentary,2016,7.1,English,United States,78.0
Bayonet,Drama,2018,5.6,"English,Spanish,Finnish","Mexico,Finland",101.0
Aziz Ansari: Right Now,Comedy,2019,7.5,English,United States,65.0
My Little Pony: Equestria Girls - Legend of Everfree,Animation,2016,6.3,English,"United States,Canada",73.0
Dark Power,Horror,2013,3.4,English,United States,87.0
Jack of all Trades,Adventure,2018,5.9,English,"United States,New Zealand",30.0
The King of the Streets,Action,2012,5.0,Mandarin,China,88.0
Cash Only,Crime,2015,6.0,"English,Albanian","Albania,United States",91.0
Mercury 13,Documentary,2018,6.9,English,United States,78.0
"Lorena, Light-footed Woman",Documentary,2019,7.0,"Spanish,Tarahumara",Mexico,28.0
The Culture High,Documentary,2014,8.2,English,"United Kingdom,United States,Canada,Spain",120.0
Tom Segura: Completely Normal,Documentary,2014,7.7,English,United States,74.0
Si Doel the Movie 2,Drama,2019,6.8,Indonesian,Indonesia,95.0
Go! The Unforgettable Party,Family,2019,5.1,Spanish,Argentina,60.0
A Life of Speed: The Juan Manuel Fangio Story,Documentary,2020,7.0,"Spanish,English,Italian",Argentina,92.0
Pulang,Drama,2018,6.7,"Malay,English",Malaysia,120.0
How to Get Over a Breakup,Comedy,2018,6.1,Spanish,Peru,104.0
Sarah Silverman: A Speck of Dust,Documentary,2017,6.9,English,United States,71.0
A Haunting at Silver Falls: The Return,Horror,2019,3.2,English,United States,79.0
Internet Famous,Comedy,2016,3.5,English,United States,87.0
Joe Rogan: Triggered,Comedy,2016,7.4,English,United States,63.0
Bir Baba Hindu,Action,2016,2.5,Turkish,"Turkey,India",112.0
Angela's Christmas,Animation,2017,7.0,English,"Ireland,Canada",30.0
The (Silent) War,Action,2019,5.5,Spanish,Spain,121.0
Chris D'Elia: No Pain,Comedy,2020,5.9,English,United States,55.0
Bobby Robson: More Than a Manager,Documentary,2018,8.1,English,United Kingdom,104.0
LFO,Drama,2013,6.6,Swedish,"Sweden,Denmark",94.0
Dark Chocolate,Crime,2016,4.2,Bengali,India,92.0
Midnight Chronicles,Action,2008,3.6,English,United States,100.0
Calum Von Moger: Unbroken,Documentary,2019,6.2,English,United States,95.0
The Sinking of Van Der Wijck,Drama,2013,7.6,"Dutch,Minangkabau,Indonesian",Indonesia,164.0
ReMastered: The Two Killings of Sam Cooke,Documentary,2019,7.2,English,United States,74.0
American Bully,Crime,2009,4.8,English,United States,85.0
Uppity: The Willy T. Ribbs Story,Documentary,2020,7.8,English,United States,109.0
Very Big Shot,Action,2015,6.9,"Arabic,English,French","Lebanon,Qatar",107.0
"Norm Macdonald: Hitler's Dog, Gossip & Trickery",Documentary,2017,7.3,English,United States,60.0
The Lost Brother,Crime,2017,6.5,Spanish,"Argentina,Uruguay,Spain,France",112.0
Ali Wong: Hard Knock Wife,Comedy,2018,7.3,English,United States,64.0
Fire in Paradise,Documentary,2019,7.4,English,United States,39.0
Doonby,Drama,2013,5.2,English,"Ireland,United States",104.0
Crossroads: One Two Jaga,Crime,2018,6.5,"Malay,Indonesian,Tagalog",Malaysia,85.0
Strangled,Crime,2016,7.3,Hungarian,Hungary,121.0
Black Site Delta,Action,2017,3.8,English,United States,87.0
Tig,Documentary,2015,7.4,English,United States,95.0
One in a Billion,Documentary,2016,6.7,"English,Punjabi",United States,69.0
The 24 Hour War,Documentary,2016,7.2,English,United States,99.0
Neal Brennan: 3 Mics,Comedy,2017,7.9,English,United States,65.0
Nobody Speak: Trials of the Free Press,Documentary,2017,6.5,English,"Netherlands,United States",95.0
Dolphin Kick,Adventure,2019,4.4,English,United States,89.0
Little Italy,Comedy,2018,5.9,"English,Italian,Latin","Canada,United States",102.0
Forgive Us Our Debts,Drama,2018,6.2,Italian,"Italy,Switzerland,Albania,Poland",104.0
Freshman Year,Drama,2019,4.9,English,United States,105.0
Dukhtar,Drama,2014,6.9,"Urdu,Pushto","Pakistan,Norway,United States",93.0
Amit Tandon: Family Tandoncies,Comedy,2019,7.1,,India,72.0
Salaakhen,Action,1975,5.7,Hindi,India,165.0
I Called Him Morgan,Documentary,2016,7.3,English,"Sweden,United States",92.0
Nate Bargatze: The Tennessee Kid,Comedy,2019,7.6,English,United States,60.0
Masameer: The Movie,Animation,2020,5.9,Arabic,Saudi Arabia,110.0
The Last Hangover,Short,2018,6.3,Portuguese,Brazil,44.0
The Music of Strangers: Yo-Yo Ma and the Silk Road Ensemble,Documentary,2016,7.7,"English,Mandarin,Persian","United States,United Kingdom",96.0
The Memory of Water,Drama,2015,6.1,Spanish,"Chile,Spain,Argentina,Germany",88.0
Seth Meyers: Lobby Baby,Comedy,2019,7.4,English,United States,61.0
A Family Reunion Christmas,Short,2019,5.8,English,United States,28.0
"Ron White: If You Quit Listening, I'll Shut Up",Comedy,2018,6.5,English,United States,63.0
The First Temptation of Christ,Short,2019,4.8,Portuguese,Brazil,46.0
Armed to the Teeth,Documentary,2018,7.9,Spanish,Mexico,105.0
The Bling Lagosians,Drama,2019,6.5,"Yoruba,Ibo,English",Nigeria,97.0
Recall,Crime,2018,3.0,English,Canada,73.0
Chelsea Peretti: One of the Greats,Comedy,2014,6.9,English,United States,74.0
The Little Switzerland,Comedy,2019,4.8,"Spanish,German,Basque",Spain,86.0
"Hello, Privilege. It's Me, Chelsea",Documentary,2019,4.6,English,United States,64.0
A Scandall,Thriller,2016,3.1,Hindi,India,112.0
Gabriel Iglesias: I'm Sorry for What I Said When I Was Hungry,Comedy,2016,7.4,English,United States,87.0
Jim Jefferies: Freedumb,Comedy,2016,7.7,English,United States,86.0
Train of the Dead,Crime,2007,3.5,Thai,Thailand,88.0
Dayveon,Drama,2017,6.3,English,United States,75.0
Isle of Dogs,Animation,2011,3.5,"English,Japanese","Germany,Japan,United States",101.0
Eyyvah Eyvah,Comedy,2010,7.0,Turkish,Turkey,104.0
Devil's Bride,Drama,2016,6.0,"Finnish,Swedish","Finland,Sweden,Norway,Latvia,Germany",110.0
Pandora's Promise,Documentary,2013,7.3,English,United States,87.0
He Who Dares,Action,2014,3.1,English,United Kingdom,82.0
Carmen Sandiego: To Steal or Not to Steal,Animation,2020,6.9,English,"Canada,United States",31.0
Demetri Martin: The Overthinker,Comedy,2018,7.2,English,United States,56.0
Charlie and the Chocolate Factory,Adventure,2005,6.6,English,"United Kingdom,United States",115.0
Uncertain Glory,Drama,2017,6.1,"Catalan,Spanish",Spain,115.0
"The Other One: The Long, Strange Trip of Bob Weir",Documentary,2014,7.3,English,United States,85.0
Jeff Dunham: Relative Disaster,Comedy,2017,6.4,English,United States,70.0
Curtiz,Biography,2018,6.0,"English,Hungarian",Hungary,98.0
Tikli and Laxmi Bomb,Drama,2017,7.7,Hindi,India,151.0
Puss in Book: Trapped in an Epic Tale,Animation,2017,5.2,English,United States,23.0
"¡Ay, mi madre!",Comedy,2019,3.9,Spanish,Spain,84.0
The Wedding Party,Comedy,2016,4.8,English,United States,87.0
ReMastered: The Miami Showband Massacre,Documentary,2019,7.0,English,United States,71.0
S Is for Stanley,Documentary,2016,6.9,"English,Italian",Italy,78.0
Life Overtakes Me,Documentary,2019,6.5,"Swedish,Ukrainian,English","Sweden,United States",39.0
Being Elmo: A Puppeteer's Journey,Documentary,2011,7.6,English,United States,80.0
Firebrand,Drama,2019,5.1,Marathi,India,116.0
Nikki Glaser: Bangin',Comedy,2019,6.1,English,United States,63.0
If Only,Comedy,2004,7.2,English,"United States,United Kingdom",92.0
What We Started,Documentary,2018,7.1,English,United States,94.0
Night Fare,Thriller,2016,5.5,"English,French",France,80.0
City of Joy,Drama,2016,7.6,English,"France,United Kingdom",132.0
E-Team,Documentary,2014,7.1,"English,German,Arabic,Russian,French",United States,88.0
Gary Gulman: It's About Time,Comedy,2016,7.1,English,United States,54.0
Seth Rogen's Hilarity for Charity,Comedy,2018,5.0,English,United States,70.0
Fortune Feimster: Sweet & Salty,Comedy,2020,6.8,English,United States,61.0
Iliza Shlesinger: Unveiled,Comedy,2019,6.5,English,United States,78.0
Identical,Thriller,2011,3.1,English,United States,80.0
Jimmy Carr: Funny Business,Comedy,2016,7.2,English,United Kingdom,62.0
6-5=2,Horror,2013,4.4,Kannada,India,105.0
Prague,Drama,2013,5.5,"Danish,English,Czech",Denmark,92.0
The Poltergeist of Borley Forest,Horror,2013,2.5,English,United States,102.0
Khoon Khoon,Crime,1973,5.2,Hindi,India,
Bomb Scared,Comedy,2017,5.7,"Spanish,Basque",Spain,89.0
Jimmy Carr: The Best of Ultimate Gold Greatest Hits,Comedy,2019,7.3,,,58.0
Zion,Documentary,2018,7.1,English,United States,12.0
Sebastian Maniscalco: Why Would You Do That?,Comedy,2016,7.4,English,United States,63.0
Derren Brown: Sacrifice,Reality-TV,2018,7.1,,United Kingdom,49.0
Donald Glover: Weirdo,Comedy,2012,7.4,English,United States,65.0
El club de los buenos infieles,Comedy,2018,5.5,Spanish,Spain,90.0
Heroes Wanted,Action,2016,4.6,Spanish,Spain,95.0
Spirit Riding Free: Spirit of Christmas,Animation,2019,5.3,English,United States,45.0
The Darkest Dawn,Sci-Fi,2016,4.0,English,United Kingdom,76.0
Jeff Dunham: Minding the Monsters,Comedy,2012,7.0,English,United States,80.0
Kathleen Madigan: Bothering Jesus,Comedy,2016,7.4,English,United States,72.0
The Hospital,Comedy,1971,7.4,English,United States,103.0
Free Rein: The Twelve Neighs of Christmas,Adventure,2018,6.6,,,56.0
French Dirty,Comedy,2015,5.0,English,United States,72.0
Q Ball,Documentary,2019,6.8,English,United States,96.0
Mysteria,Horror,2011,3.9,English,United States,94.0
Print the Legend,Documentary,2014,7.0,English,United States,100.0
Loudon Wainwright III: Surviving Twin,Music,2018,7.1,,,91.0
Kingdom of Us,Documentary,2017,6.9,English,United Kingdom,109.0
Mike Birbiglia: The New One,Comedy,2019,7.7,English,United States,85.0
Mater,Drama,2017,4.6,Spanish,Argentina,80.0
Neurons to Nirvana,Documentary,2013,7.6,"English,Slovak,Czech",United States,85.0
The Lazarus Papers,Action,2009,4.1,English,United States,90.0
Hondros,Documentary,2018,7.5,English,"Iraq,Libya,Liberia,United States",90.0
Still,Horror,2010,4.3,"English,American Sign Language",United States,82.0
Jim Jefferies: This Is Me Now,Comedy,2018,7.4,English,United States,70.0
Roving Mars,Documentary,2006,7.2,English,United States,40.0
Rise of the Zombie,Drama,2013,3.3,Hindi,India,86.0
Metamorphosis,Horror,1990,7.3,Korean,South Korea,113.0
Patria,Drama,2014,7.2,"English,German","United States,Czech Republic",106.0
Tuna Girl,Comedy,2019,6.2,Japanese,Japan,89.0
Bill Hicks: Relentless,Documentary,1992,8.5,English,United Kingdom,61.0
All in My Family,Documentary,2019,6.8,,United States,39.0
After Tiller,Documentary,2013,7.4,English,United States,85.0
The Island,Action,2006,5.2,English,United States,136.0
When Jews Were Funny,Documentary,2013,5.9,English,Canada,89.0
"Sí, Mi Amor",,2020,3.8,,,
A Week in Watts,Documentary,2017,6.2,English,United States,91.0
Patton Oswalt: I Love Everything,Comedy,2020,6.4,English,United States,
Wanda Sykes: Not Normal,Comedy,2019,7.2,,United States,60.0
Whitney Cummings: Can I Touch It?,Comedy,2019,6.5,,,59.0
Bruno & Boots: Go Jump in the Pool,Family,2016,5.8,,Canada,91.0
Two Catalonias,Documentary,2018,6.4,"Spanish,Catalan,English",Spain,116.0
Joshua: Teenager vs. Superpower,Documentary,2017,7.3,"English,Cantonese",United States,79.0
Ellen DeGeneres: Relatable,Comedy,2018,6.5,English,United States,68.0
The Figurine,Thriller,2009,4.3,"English,Yoruba",Nigeria,120.0
Sitara: Let Girls Dream,Animation,2019,7.2,English,"Pakistan,United States",15.0
Urvi,Crime,2017,6.8,Kannada,India,151.0
ReMastered: Massacre at the Stadium,Documentary,2019,7.2,"English,Spanish",United States,64.0
Çok Filim Hareketler Bunlar,Comedy,2010,4.4,Turkish,Turkey,134.0
The Reconstruction of William Zero,Drama,2015,5.4,English,United States,98.0
Mike Birbiglia: Thank God for Jokes,Comedy,2017,7.5,English,United States,70.0
Deon Cole: Cole Hearted,Comedy,2019,6.9,English,United States,69.0
Katherine Ryan: Glitter Room,Comedy,2019,6.8,English,United States,65.0
Stereo,Crime,2014,6.5,"German,Russian",Germany,98.0
Still Laugh-In: The Stars Celebrate,Comedy,2019,5.2,English,United States,60.0
Jonah,Drama,2016,5.3,Portuguese,Brazil,90.0
Russell Peters: Almost Famous,Comedy,2016,6.6,English,United States,73.0
Nila,Drama,2016,6.7,Tamil,India,96.0
"Dana Carvey: Straight White Male, 60",Comedy,2016,6.5,English,United States,64.0
Seeing Allred,Documentary,2018,7.2,English,United States,96.0
Let It Fall: Los Angeles 1982-1992,Documentary,2017,7.8,English,United States,144.0
Trailer Park Boys: Live at the North Pole,Comedy,2014,6.7,English,Canada,
Tim Allen: Men Are Pigs,Documentary,1990,6.1,English,United States,30.0
Iliza Shlesinger: Confirmed Kills,Comedy,2016,6.6,English,United States,77.0
Bombairiya,Comedy,2019,4.5,"Hindi,English","United Arab Emirates,United Kingdom,India",104.0
Freedom,Drama,2009,7.3,English,United States,94.0
Enter the Anime,Documentary,2019,2.6,Japanese,"United States,Japan",58.0
Antoine Griezmann: The Making of a Legend,Documentary,2019,6.5,,,60.0
Mercenary,Action,2016,6.5,English,United States,102.0
Vir Das: For India,Comedy,2020,7.7,English,India,75.0
Senna,Documentary,2010,8.5,"English,Portuguese,French,Japanese","United Kingdom,France,United States",106.0
Silent,Short,2014,6.3,,Turkey,14.0
I'll Sleep When I'm Dead,Crime,2016,6.6,English,"United Kingdom,United States",103.0
Beauties of the Night,Comedy,2016,7.2,French,"France,Italy",87.0
It Takes a Lunatic,Documentary,2019,6.6,English,"United States,United Kingdom,Germany",120.0
Jenny Slate: Stage Fright,Comedy,2019,5.8,English,United States,66.0
Rise: Ini Kalilah,Drama,2018,5.0,,Malaysia,100.0
Tom Papa: You're Doing Great!,Comedy,2020,7.2,English,United States,60.0
Vidal Sassoon: The Movie,Documentary,2010,6.4,English,United States,90.0
Jim Gaffigan: Mr. Universe,Documentary,2012,7.7,English,United States,78.0
The Mars Generation,Documentary,2017,6.5,,United States,97.0
Dust Up,Action,2012,4.8,"English,Spanish",United States,80.0
Tig Notaro: Happy To Be Here,Comedy,2018,6.6,English,United States,58.0
Los Tigres del Norte at Folsom Prison,Documentary,2019,7.0,Spanish,United States,64.0
Rich Kids,Drama,2018,6.1,"English,Spanish",United States,96.0
Marc Maron: End Times Fun,Documentary,2020,6.8,English,United States,71.0
Operações Especiais,Action,2015,6.3,English,United States,98.0
Dragons: Rescue Riders: Hunt for the Golden Dragon,Animation,2020,5.1,English,United States,46.0
Know Your Enemy - Japan,Documentary,1945,6.0,English,United States,63.0
Vessel,Short,2014,7.6,English,United States,14.0
Ryan Hamilton: Happy Face,Documentary,2017,7.3,English,United States,56.0
Patton Oswalt: Talking for Clapping,Documentary,2016,6.8,English,United States,65.0
The Reconquest,Drama,2016,6.5,Spanish,Spain,108.0
Tiffany Haddish: Black Mitzvah,Comedy,2019,6.3,English,United States,55.0
Being Napoleon,Documentary,2018,5.4,"English,French",United States,88.0
Meet the Mormons,Documentary,2014,6.4,English,United States,78.0
Rodney King,Comedy,2017,5.9,English,United States,52.0
Chris D'Elia: Man on Fire,Documentary,2017,6.5,English,United States,65.0
Bill Hicks: Revelations,Documentary,1993,8.5,English,United Kingdom,57.0
Sol Levante,Action,2020,4.7,"English,Japanese",United States,125.0
Underworld,Action,2003,7.0,English,"United States,United Kingdom,Germany,Hungary",121.0
Rattle the Cage,Crime,2015,6.7,Arabic,"United Arab Emirates,Jordan",96.0
Léa & I,Documentary,2019,6.5,English,,84.0
Room,Drama,2015,4.4,English,"Ireland,Canada,United Kingdom,United States",118.0
Jeff Foxworthy & Larry the Cable Guy: We've Been Thinking,Comedy,2016,5.9,English,United States,75.0
Ralphie May: Unruly,Comedy,2015,4.7,English,United States,
The Jungle Book,Adventure,1967,4.2,English,"United Kingdom,United States",106.0
My Little Pony: Equestria Girls - Friendship Games,Animation,2016,6.4,English,United States,72.0
Def Comedy Jam 25,Documentary,2017,6.6,English,United States,80.0
Little Miss Sumo,Documentary,2018,6.6,"Japanese,English",United Kingdom,19.0
Chasing Beauty,Documentary,2013,6.1,English,United States,90.0
Russell Peters: Notorious,Comedy,2013,7.1,"English,Spanish",United States,71.0
Kevin James: Sweat the Small Stuff,Documentary,2001,7.4,English,United States,60.0
"Ray Romano: Right Here, Around the Corner",Documentary,2019,7.2,English,United States,58.0
Jeremy Scott: The People's Designer,Documentary,2015,6.4,English,United States,110.0
Rory Scovel Tries Stand-Up for the First Time,Documentary,2017,6.7,English,United States,66.0
Cristina,Horror,2016,7.8,English,United States,110.0
Maz Jobrani: Immigrant,Comedy,2017,6.7,English,,112.0
Autohead,Crime,2016,6.0,Hindi,India,97.0
Killswitch,Documentary,2015,7.7,English,United States,72.0
Patton Oswalt: Annihilation,Documentary,2017,7.2,English,United States,66.0
Russell Howard: Recalibrate,Comedy,2017,7.4,English,United Kingdom,69.0
Bill Hicks: Sane Man,Documentary,1989,8.3,English,United States,81.0
Shaolin Martial Arts,Action,1974,6.8,Mandarin,Hong Kong,106.0
Misfit 2,Comedy,2019,4.9,Dutch,Netherlands,81.0
Night on Earth: Shot in the Dark,Documentary,2020,7.7,,,59.0
Whitney Cummings: Money Shot,Documentary,2010,6.2,English,United States,48.0
Backfire,Crime,2017,3.6,English,United States,94.0
Shuddhi,Crime,2017,7.9,"Kannada,Hindi,English","India,United States",114.0
Anjelah Johnson: Not Fancy,Documentary,2015,5.7,"Spanish,English",United States,90.0
Christina P: Mother Inferior,Comedy,2017,6.4,English,United States,59.0
Blue,Documentary,2017,7.6,English,United States,77.0
Marlon Wayans: Woke-ish,Documentary,2018,6.5,English,United States,68.0
Jim Gaffigan: Cinco,Comedy,2017,7.1,English,United States,73.0
A StoryBots Christmas,Short,2017,5.8,English,United States,24.0
Western,Drama,2017,6.1,"German,Bulgarian,English","Germany,Bulgaria,Austria",121.0
Road to Roma,Documentary,2020,7.7,"Spanish,Mixtec",Mexico,72.0
Maroon,Thriller,2016,5.1,Hindi,India,94.0
Birders,Documentary,2019,6.4,"English,Spanish","United States,Mexico",37.0
Michelle Wolf: Joke Show,Comedy,2019,7.2,English,United States,59.0
M Cream,Adventure,2016,5.4,English,India,112.0
The Apostate,Comedy,1987,5.8,Spanish,"Spain,France,Uruguay",80.0
Mokalik (Mechanic),Comedy,2019,6.2,"English,Yoruba",Nigeria,100.0
Marc Maron: Too Real,Comedy,2017,7.2,English,United States,70.0
Sam Kinison: Breaking the Rules,Documentary,1987,7.2,English,United States,50.0
Kung Fu Elliot,Documentary,2014,6.5,English,Canada,81.0
Marc Maron: Thinky Pain,Comedy,2013,7.3,English,United States,95.0
Teddy Bear,Comedy,2012,7.1,"English,Japanese",United States,106.0
My Way: The Rise and Fall of Silvio Berlusconi,Documentary,2016,6.3,Italian,Italy,98.0
She Did That,Documentary,2019,6.9,English,United States,71.0
Iliza Shlesinger: Freezing Hot,Documentary,2015,6.8,English,United States,71.0
A Yellow Bird,Drama,2016,5.4,"Tamil,Mandarin,English","Singapore,France",112.0
Road to Yesterday,Drama,2015,6.0,English,Nigeria,91.0
Chris D'Elia: Incorrigible,Documentary,2015,6.4,English,United States,83.0
Katherine Ryan: In Trouble,Comedy,2017,7.0,English,United Kingdom,63.0
Jeff Dunham: Unhinged in Hollywood,Comedy,2015,6.7,English,United States,71.0
Rumble,Animation,2016,3.6,English,United States,
Burt's Buzz,Documentary,2014,6.5,English,Canada,88.0
"Yours Sincerely, Kanan Gill",Comedy,2020,7.1,English,India,72.0
Resurface,Documentary,2017,6.9,English,United States,26.0
Chingo Bling: They Can't Deport Us All,Documentary,2017,6.5,English,,
Suicide,Action,2014,5.7,Hebrew,Israel,113.0
Horror Story,Horror,2013,4.2,"English,Hindi",India,91.0
Hank: 5 Years from the Brink,Documentary,2013,6.6,English,United States,85.0
Manu,Mystery,2018,7.0,Telugu,India,180.0
Judd Apatow: The Return,Comedy,2017,6.2,English,United States,69.0
Goli Soda 2,Drama,2018,7.3,Tamil,India,128.0
Colin Quinn: The New York Story,Comedy,2016,6.9,English,United States,62.0
Go! Go! Cory Carson: The Chrissy,Animation,2020,7.2,English,United States,42.0
Web Junkie,Documentary,2014,6.3,"English,Mandarin,Chinese","Israel,United States,China",74.0
Delirium,Horror,2018,4.5,English,United States,96.0
Jim Norton: Mouthful of Shame,Comedy,2017,7.0,English,United States,61.0
Brian Regan: Nunchucks and Flamethrowers,Documentary,2017,6.3,English,United States,61.0
Michael Che Matters,Comedy,2016,7.2,English,United States,61.0
The Negro Soldier,Documentary,1944,5.9,English,United States,43.0
Simon Amstell: Set Free,Comedy,2019,6.5,English,United Kingdom,51.0
Hari Kondabolu: Warn Your Relatives,Comedy,2018,6.6,English,United States,67.0
Bottled Life: Nestle's Business with Water,Documentary,2012,6.7,"German,English,Swiss German,Arabic,Urdu","Switzerland,Germany",90.0
Playing Hard,Drama,2018,6.0,Polish,Poland,88.0
Jack Whitehall: At Large,Comedy,2017,6.8,English,United Kingdom,67.0
Oriented,Documentary,2015,6.7,"Arabic,Hebrew,English","Israel,United Kingdom",86.0
Professor Mack,Comedy,2018,3.6,English,United States,83.0
Mitt,Documentary,2014,6.8,English,United States,94.0
Feo pero Sabroso,Comedy,2019,4.3,Spanish,Colombia,90.0
Mike Epps: Only One Mike,Comedy,2019,4.7,English,United States,63.0
Todd Barry: Spicy Honey,Comedy,2017,6.8,English,United States,60.0
My Own Man,Documentary,2014,6.4,English,United States,82.0
The Collector,Action,2009,6.4,English,United States,90.0
Swearnet Live,Comedy,2014,5.4,English,Canada,75.0
"Out of Many, One",Documentary,2018,5.7,English,United States,34.0
D.L. Hughley: Contrarian,Comedy,2018,6.6,English,United States,58.0
David Cross: Making America Great Again,Comedy,2016,6.6,English,United States,74.0
Craig Ferguson: Tickle Fight,Comedy,2017,6.6,English,United States,66.0
Forever Chape,Documentary,2018,7.4,"Spanish,Portuguese",Brazil,80.0
Hannibal Buress: Comedy Camisado,Comedy,2016,6.6,English,United States,83.0
Where the Road Runs Out,Drama,2014,5.6,"English,Spanish","South Africa,Netherlands,Equatorial Guinea",91.0
Adam Devine: Best Time of Our Lives,Comedy,2019,5.9,English,United States,58.0
The Testimony,Crime,2015,7.3,Italian,Italy,98.0
Jeff Garlin: Our Man in Chicago,Comedy,2019,5.9,English,United States,58.0
Mortified Nation,Documentary,2013,7.3,English,United States,84.0
DeRay Davis: How to Act Black,Comedy,2017,6.2,English,United States,
Mauricio Meirelles: Generating Chaos,Comedy,2020,6.7,Portuguese,Brazil,63.0
Dying to Tell,Documentary,2019,6.8,"English,Spanish,Arabic",Spain,87.0
Vir Das: Losing It,Comedy,2018,7.0,English,United States,67.0
Hard Tide,Drama,2016,4.8,English,United Kingdom,90.0
We Are Moluccans,Biography,2014,7.9,Indonesian,Indonesia,151.0
Joe Mande's Award-Winning Comedy Special,Documentary,2017,6.1,English,United States,66.0
Pierre Jackson,Romance,2018,6.7,English,United States,81.0
Vir Das: Abroad Understanding,Comedy,2017,6.9,English,United States,65.0
Pacíficum,Documentary,2017,6.5,Spanish,Peru,74.0
Cristela Alonzo: Lower Classy,Comedy,2017,6.6,English,United States,66.0
Aziz Ansari: Buried Alive,Comedy,2013,7.2,English,United States,80.0
Super Monsters Furever Friends,Animation,2019,5.6,English,,58.0
Doug Stanhope: Beer Hall Putsch,Documentary,2013,7.6,English,United States,61.0
Maria Bamford: Old Baby,Documentary,2017,6.2,English,United States,64.0
ReMastered: The Lion's Share,Documentary,2019,6.9,,,84.0
Doomsdays,Drama,2013,6.6,English,United States,91.0
Tom Papa: Live in New York City,Comedy,2011,7.2,English,United States,41.0
Sanctuary,Action,2017,6.6,English,Canada,44.0
The War Against Women,Documentary,2013,7.5,"English,Swahili,French,Spanish,Bosnian","United States,Spain",62.0
Nexus,Drama,2011,6.8,,United Kingdom,
Restless Creature: Wendy Whelan,Documentary,2017,7.1,English,United States,90.0
Nick Thune: Folk Hero,Short,2014,6.7,English,United States,43.0
El Che,Drama,2015,7.3,Spanish,Argentina,83.0
The Search for Life in Space,Documentary,2016,6.4,English,United States,32.0
After Maria,Documentary,2019,4.9,Spanish,United States,35.0
Burning Daylight,Crime,2010,5.2,English,Canada,102.0
Colin Quinn: Unconstitutional,Comedy,2015,7.1,English,United States,55.0
The Meaning of Monty Python,Documentary,2013,7.5,English,United Kingdom,60.0
Big in Bollywood,Documentary,2011,7.8,"English,Hindi",United States,69.0
Jen Kirkman: I'm Gonna Die Alone (And I Feel Fine),Comedy,2015,6.8,English,United States,78.0
The Untold Tales of Armistead Maupin,Documentary,2017,7.6,English,United States,90.0
Reggie Watts: Spatial,Comedy,2016,6.0,English,United States,
Mike Epps: Don't Take It Personal,Comedy,2015,4.4,English,United States,59.0
Todd Glass: Act Happy,Comedy,2018,5.1,English,United States,
Best Worst Friends,Comedy,2013,3.7,Spanish,Chile,88.0
A Tale of Two Kitchens,Documentary,2019,6.3,,,29.0
An Upper Egyptian,Comedy,2014,3.1,Arabic,Egypt,85.0
Finding Home,Drama,2014,7.8,English,United States,124.0
Brad Paisley's Comedy Rodeo,Comedy,2017,5.7,English,United States,63.0
Amnesty,Drama,2012,6.2,Albanian,"Albania,Greece,France",83.0
Sinister Circle,Fantasy,2015,4.6,Spanish,Peru,87.0
Cedric the Entertainer: Live from the Ville,Comedy,2016,6.3,English,United States,
Willy and the Guardians of the Lake,Animation,2018,6.4,English,Hungary,70.0
Agustín Aristarán: Soy Rada,Comedy,2018,6.3,Spanish,Argentina,
The Daniel Project,Documentary,2012,5.7,English,United Kingdom,85.0
#Rucker50,Documentary,2016,5.2,English,United States,56.0
Russell Brand: End the Drugs War,Documentary,2014,7.1,English,United Kingdom,60.0
Maria Bamford: The Special Special Special!,Comedy,2012,6.8,English,United States,49.0
Alexis Viera: A Story of Surviving,,2019,7.2,,,
Gad Elmaleh: American Dream,Comedy,2018,7.2,English,United States,57.0
Arsenio Hall: Smart and Classy,Comedy,2019,6.0,English,United States,63.0
The Standoff,Comedy,2016,5.4,,United States,90.0
It's Not Over,Documentary,2014,6.3,English,"South Africa,India,United States",72.0
Tracy Morgan: Staying Alive,Comedy,2017,6.3,English,United States,60.0
Brasslands,Documentary,2013,7.4,English,"United States,Serbia and Montenegro",84.0
Kacche Dhaagey,Drama,2016,6.3,Punjabi,India,120.0
Far Cry,Action,2008,3.1,English,"Germany,Canada",95.0
Parchís: The Documentary,Documentary,2019,6.8,Spanish,Spain,106.0
Theo Who Lived,Documentary,2016,6.8,English,United States,86.0
Mo Gilligan: Momentum,Comedy,2019,6.3,English,United Kingdom,64.0
Monty Python's Flying Circus: Live at Aspen,Documentary,1998,7.8,English,United States,58.0
The BFG,Adventure,2016,6.4,English,"United States,India,United Kingdom",117.0
Making Unorthodox,Short,2020,6.7,English,Germany,
Zachariayude Garbhinikal,Drama,2013,6.0,Malayalam,India,114.0
#cats_the_mewvie,Documentary,2020,5.3,English,Canada,90.0
Roll with Me,Documentary,2017,8.2,"English,Arabic",United States,90.0
Viswasapoorvam Mansoor,Drama,2017,5.9,Malayalam,India,112.0
Black Man White Skin,Documentary,2015,5.5,"Spanish,French",Spain,108.0
Virunga: Gorillas in Peril,Documentary,2015,6.5,English,United States,28.0
Morgan Murphy: Irish Goodbye,Comedy,2014,6.8,English,United States,51.0
Lucas Brothers: On Drugs,Comedy,2017,5.7,English,United States,50.0
The Chord,Crime,2011,5.7,Arabic,Egypt,
A 3 Minute Hug,Documentary,2018,6.5,Spanish,"Mexico,United States",28.0
Lynne Koplitz: Hormonal Beast,Comedy,2017,6.3,English,United States,51.0
After the Raid,Documentary,2019,4.5,English,"United States,Mexico",24.0
Kavin Jay: Everybody Calm Down!,Documentary,2018,5.9,English,,53.0
Malena Pichot: Estupidez compleja,Comedy,2018,5.7,Spanish,Argentina,
True: Wuzzle Wegg Day,Animation,2020,8.0,English,Canada,23.0
The Reservoir Game,Documentary,2017,6.1,"Korean,English",South Korea,100.0
Enissa Amani: Ehrenwort,Comedy,2018,5.5,German,Germany,60.0
Delivery,Horror,2014,5.9,English,United States,87.0
13th: A Conversation with Oprah Winfrey & Ava DuVernay,Documentary,2017,7.0,English,,37.0
Sam Kinison: The Scream Continues,Documentary,2016,6.4,English,United States,29.0
War Don Don,Documentary,2010,7.3,English,United States,83.0
Fary Is the New Black,Comedy,2018,5.8,French,France,74.0
Ricardo Quevedo: Hay gente así,Comedy,2018,6.3,Spanish,Colombia,
Dwayne Perkins: Take Note,Documentary,2016,7.1,English,United States,68.0
Bone,Comedy,1972,6.8,English,United States,95.0
W. Kamau Bell: Private School Negro,Comedy,2018,6.4,English,United States,65.0
The Calling,Drama,2014,8.2,"English,Latin","United States,Canada,United Kingdom",108.0
Harith Iskander: I Told You So,Comedy,2018,4.7,English,United States,61.0
Kingdom Come,Drama,2011,7.3,English,"United Kingdom,France,Canada",120.0
Smile,Comedy,2009,3.3,English,United States,113.0
Wraith,Horror,2017,3.4,English,United States,99.0
Reaction,Action,2012,4.5,Arabic,Egypt,90.0
Adel Karam: Live from Beirut,Comedy,2018,5.3,Arabic,United States,59.0
How to Win the US Presidency,Documentary,2016,6.2,English,United States,50.0
Sebastián Marcelo Wainraich,Comedy,2018,6.4,Spanish,Argentina,
Willie Barcena: The Truth Hurts,Comedy,2016,6.3,,United States,60.0
Park Na-rae: Glamour Warning,Comedy,2019,5.2,,Korea,62.0
Eddie Pepitone: In Ruins,Comedy,2014,7.1,English,United States,64.0
Follow Me,Horror,2017,5.1,,United States,88.0
Prodigy,Drama,2017,6.0,English,United States,80.0
Aditi Mittal: Things They Wouldn't Let Me Say,Comedy,2017,4.3,"English,Hindi",India,62.0
Luciano Mellera: Infantiloide,Comedy,2018,7.5,Spanish,Argentina,66.0
Behind the Curtain: Todrick Hall,Documentary,2017,6.8,English,United States,100.0
Nemesis,Action,1992,5.4,English,United States,116.0
Alex Fernández: The Best Comedian in the World,Comedy,2020,6.2,Spanish,Mexico,51.0
Moshe Kasher: Live in Oakland,Comedy,2012,6.7,,United States,61.0
Fakkah Fuzz: Almost Banned,Comedy,2018,4.2,English,Singapore,60.0
Gina Yashere: Skinny B*tch,Documentary,2008,6.5,English,United Kingdom,58.0
The Wave,Sci-Fi,2015,6.7,English,United States,90.0
Good Luck,Drama,2014,5.4,Portuguese,Brazil,90.0
Fabrizio Copano: Solo pienso en mi,Comedy,2017,5.1,Spanish,Chile,
Steve Byrne: Champion,Comedy,2014,6.8,English,United States,70.0
Dieter Nuhr: Nuhr in Berlin,Comedy,2016,4.7,German,Germany,69.0
Laerte-se,Documentary,2017,7.0,Portuguese,Brazil,100.0
Fernando Sanjiao: Hombre,Comedy,2018,6.4,Spanish,Argentina,
Coco y Raulito: Carrusel de ternura,Comedy,2018,6.6,Spanish,Mexico,
Lord Put a Ring on It,Comedy,2016,7.6,English,United States,94.0
Alan Saldaña: Mi vida de pobre,Comedy,2017,6.3,Spanish,Mexico,70.0
Oceans,Documentary,2009,7.8,"French,English","France,Switzerland,Spain,United States,United Arab Emirates",104.0
Tusk,Comedy,2014,5.3,English,United States,102.0
Daniel Sosa: Maleducado,Comedy,2019,6.2,Spanish,Mexico,54.0
Home,Animation,2009,8.6,"English,French",United States,94.0
Super Monsters and the Wish Star,Animation,2018,5.4,,,
Bill Hicks: Reflections,Documentary,2015,6.7,English,,34.0
Jani Dueñas: Grandes fracasos de ayer y hoy,Comedy,2018,4.8,Spanish,Chile,
Edoardo Ferrario: Temi Caldi,Comedy,2019,6.5,Italian,Italy,65.0
Connected,Animation,2008,6.6,English,United States,
Wyatt Cenac: Brooklyn,Comedy,2014,6.3,English,United States,67.0
Tellur Aliens,Animation,2016,4.3,"English,Mandarin,French,German,Spanish","United States,Kazakhstan",67.0
Daniel Sosa: Sosafado,Comedy,2017,5.4,Spanish,Mexico,77.0
Freaks,Drama,2019,6.7,English,"Canada,United States",105.0
Arango y Sanint: Ríase el show,Comedy,2018,4.0,Spanish,Colombia,
The Panama Papers,Documentary,2018,6.6,"English,Spanish,Icelandic,Maltese,Russian",United States,96.0
Shelter,Drama,2017,6.3,English,United States,97.0
Metro,Thriller,2016,7.3,French,France,104.0
Horton Hears a Who!,Animation,2008,6.8,English,United States,86.0
Grillo vs Grillo,Comedy,2017,5.3,Italian,Italy,
The Tayo Movie: Mission Ace,Animation,2016,5.1,English,United States,47.0
