title,rating,Runtime
Friends,8.9,22.0
Echoes,5.9,60.0
Look Both Ways,6.3,100.0
The Lincoln Lawyer,7.7,118.0
Homeland,8.3,55.0
Taxi Driver,8.2,114.0
The Poison Rose,4.7,98.0
El Camino: A Breaking Bad Movie,7.3,122.0
The King,7.3,140.0
Sicario,7.6,121.0
The Guilty,6.3,85.0
Scorpion,7.0,43.0
Snowpiercer,6.9,60.0
Kill Bill: Vol. 1,8.2,111.0
Annihilation,6.8,115.0
The Irishman,7.8,209.0
Booksmart,7.1,102.0
Frozen,7.4,102.0
Heartstopper,8.7,92.0
The Watcher,5.3,103.0
The Platform,7.0,94.0
Fighting with My Family,7.1,108.0
Captain America: Civil War,7.8,147.0
6 Underground,6.1,128.0
Public Enemies,7.0,140.0
The Invitation,6.6,100.0
Terrifier,5.6,82.0
Polar,6.3,118.0
The Ballad of Buster Scruggs,7.3,133.0
Willy Wonka & the Chocolate Factory,7.8,100.0
The Vault,6.4,91.0
Footloose,6.6,113.0
Gerald's Game,6.5,103.0
Below Her Mouth,5.5,94.0
Moonlight,7.4,111.0
Marriage Story,7.9,137.0
Hell or High Water,7.6,102.0
Army of the Dead,5.7,
Rosemary's Baby,8.0,137.0
Monty Python and the Holy Grail,8.2,91.0
Climax,6.9,97.0
The Babysitter,6.3,85.0
Outlaw King,6.9,121.0
Extraction,6.7,116.0
Bird Box,6.6,124.0
Shot Caller,7.3,121.0
Lou,5.9,12.0
Life of Brian,8.0,94.0
Cars 3,6.7,102.0
Robin Hood,5.3,140.0
The Ritual,6.3,94.0
The Emperor's New Groove,7.4,78.0
"Extremely Wicked, Shockingly Evil and Vile",6.7,110.0
Newness,6.3,117.0
Maestro,7.3,94.0
Hush,6.6,82.0
Kill Bill: Vol. 2,8.0,137.0
Between Two Ferns: The Movie,6.1,82.0
The Dirt,6.9,107.0
Lilo & Stitch,7.3,85.0
The Invisible Guest,8.0,106.0
The Snowman,5.1,119.0
The Kissing Booth,5.9,105.0
Conan the Barbarian,5.1,129.0
1922,6.2,102.0
Green Room,7.0,95.0
Murder Mystery,6.0,97.0
Hunt for the Wilderpeople,7.8,101.0
What Happened to Monday,6.8,123.0
As Good as It Gets,7.7,139.0
The Danish Girl,7.1,119.0
Fractured,6.4,99.0
Utopia,8.4,50.0
The Bad Batch,5.2,118.0
The Killer,6.0,105.0
Locke,7.1,85.0
First Kill,6.4,97.0
Family Secrets,5.9,87.0
Triple Frontier,6.4,125.0
Rango,7.2,107.0
To All the Boys I've Loved Before,7.0,99.0
Sweet Home,7.3,80.0
The Tourist,6.0,103.0
Set It Up,6.5,105.0
Home Team,6.0,91.0
In the Shadow of the Moon,6.2,115.0
How It Ends,5.0,113.0
The Little Mermaid,4.2,83.0
Okja,7.3,120.0
Roma,7.7,52.0
Hotel Mumbai,7.6,123.0
The Challenge,7.8,30.0
Dark Places,6.2,113.0
Apostle,6.3,130.0
Finding Dory,7.3,97.0
The Next Three Days,7.3,133.0
101 Dalmatians,5.7,103.0
How to Train Your Dragon: The Hidden World,7.4,104.0
Death Wish,6.3,107.0
Sand Castle,6.3,113.0
I See You,6.8,96.0
The Croods,7.2,98.0
Mirage,7.4,128.0
The Cloverfield Paradox,5.5,102.0
Miracle in Cell No. 7,8.2,132.0
The Wrong Missy,5.7,90.0
The Italian Job,7.2,111.0
Along for the Ride,6.1,99.0
Forgotten,7.4,108.0
Macbeth,6.6,113.0
White Girl,5.7,88.0
Spenser Confidential,6.2,111.0
Downsizing,5.7,135.0
Serenity,5.4,106.0
Mirror Mirror,5.6,106.0
Eli,5.8,53.0
The Lorax,6.4,86.0
Velvet Buzzsaw,5.7,113.0
Bright,6.3,117.0
The Highwaymen,6.9,132.0
Child's Play,5.7,90.0
All the Bright Places,6.5,107.0
Awake,4.9,92.0
Mudbound,7.4,134.0
Late Night,6.5,102.0
The Ghost Writer,7.2,128.0
Tomorrow,7.8,124.0
In the Tall Grass,5.4,101.0
Someone Great,6.1,92.0
Lost Girls,6.1,95.0
Blockbuster,5.5,85.0
Calibre,6.8,101.0
Hot Girls Wanted,6.1,84.0
Klaus,8.1,96.0
Before I Wake,6.2,97.0
Horse Girl,5.9,103.0
Operation Finale,6.6,122.0
To the Bone,6.8,107.0
The Red Sea Diving Resort,6.6,129.0
Hotel Transylvania 3: Summer Vacation,6.3,97.0
You Get Me,4.7,89.0
The Perfection,6.2,90.0
Anon,6.1,100.0
Super Dark Times,6.6,103.0
Malevolent,4.8,89.0
Dumbo,7.2,112.0
You People,5.9,94.0
I Spit on Your Grave 2,5.7,106.0
Cam,5.9,94.0
Better Watch Out,6.5,89.0
Mowgli: Legend of the Jungle,6.5,104.0
The Package,5.5,94.0
Circle,6.0,87.0
The Outsider,6.2,60.0
Dumplin',6.5,110.0
The Ridiculous 6,4.8,119.0
Wine Country,5.4,103.0
Sharknado,3.3,86.0
Abducted in Plain Sight,6.8,91.0
The Promise,6.0,133.0
When We First Met,6.4,97.0
I Am Mother,6.7,113.0
The Last Stand,6.3,107.0
The Clovehitch Killer,6.5,109.0
Neon Genesis Evangelion: The End of Evangelion,8.0,87.0
Brooklyn's Finest,6.7,132.0
Thelma,7.0,116.0
Always Be My Maybe,6.8,101.0
Extinction,5.8,95.0
Drinking Buddies,6.1,90.0
The Laundromat,6.3,95.0
Inside,8.6,97.0
Black Book,7.7,145.0
Wounds,4.1,95.0
Beasts of No Nation,7.7,137.0
A Futile and Stupid Gesture,6.7,101.0
Tangerine,7.1,88.0
Hold the Dark,5.6,125.0
The Half of It,6.9,104.0
Redemption,6.2,100.0
A Perfect Ending,5.6,110.0
Code 8,6.1,98.0
The Two Popes,7.6,125.0
The Kindergarten Teacher,6.7,96.0
Suite Française,7.0,107.0
Shutter,7.0,97.0
Contraband,6.4,109.0
War Machine,6.0,122.0
Dude,5.1,97.0
Tall Girl,5.2,101.0
The One I Love,7.0,91.0
Halston,7.5,
Hit & Run,7.0,100.0
The Night Comes for Us,6.9,121.0
The Last Thing He Wanted,4.3,115.0
One Shot,5.6,130.0
Black Mirror: Bandersnatch,7.1,90.0
Unthinkable,7.0,97.0
Berlin Syndrome,6.2,116.0
Fun Mom Dinner,5.3,81.0
Lady Chatterley's Lover,5.2,89.0
"Game Over, Man!",5.4,101.0
Mute,5.4,126.0
Killers,5.4,100.0
Jimmy Neutron: Boy Genius,6.0,82.0
Naked,5.4,132.0
Under the Shadow,6.8,84.0
Thumbelina,6.2,86.0
Dolemite Is My Name,7.2,118.0
The Girl with All the Gifts,6.6,111.0
Romeo & Juliet,5.7,118.0
The Do-Over,5.7,108.0
The Titan,4.8,97.0
Kodachrome,6.8,105.0
Dangerous Lies,5.3,96.0
Heart of Stone,7.9,95.0
Spectral,6.3,107.0
Beyond Evil,8.1,94.0
Into the Forest,5.8,101.0
The Perfect Date,5.8,89.0
Sergio,6.2,118.0
Sabotage,5.7,109.0
Cargo,6.3,105.0
Laggies,6.4,99.0
6 Days,6.2,94.0
Heirs,7.5,55.0
Stonehearst Asylum,6.8,112.0
Much Loved,6.2,104.0
The Decline,6.0,83.0
The Fundamentals of Caring,7.3,97.0
Kon-Tiki,7.2,118.0
Creep 2,6.4,78.0
Running with the Devil,5.4,100.0
Rim of the World,5.2,98.0
Look Who's Back,7.0,116.0
Arbitrage,6.6,107.0
The Boy Who Harnessed the Wind,7.6,113.0
The Crew,6.5,81.0
Inside Man: Most Wanted,5.6,105.0
The Little Prince,7.7,108.0
The Double,5.9,180.0
The Bookshop,6.5,113.0
Falling Inn Love,5.6,98.0
Duck Butter,5.3,93.0
Brain on Fire,6.6,88.0
Dangerous Liaisons,3.9,119.0
Kidnapping Stella,4.9,89.0
Final Score,5.8,104.0
Tau,5.8,97.0
The Wandering Earth,5.9,125.0
Love Wedding Repeat,5.5,100.0
The Occupant,6.4,103.0
The Willoughbys,6.3,90.0
Let It Snow,5.8,92.0
Elisa & Marcela,6.6,118.0
The Week Of,5.2,116.0
Ibiza,5.2,94.0
The Unicorn,7.2,22.0
Icarus,7.9,120.0
IO,4.7,96.0
The Siege of Jadotville,7.2,108.0
Night Owls,6.2,90.0
Step Sisters,5.4,108.0
The Discovery,6.2,102.0
Henry Gamble's Birthday Party,6.1,87.0
Final Girl,4.7,90.0
Secret Obsession,4.4,97.0
The Debt Collector,5.8,95.0
A Vigilante,5.7,91.0
Time Trap,6.2,87.0
On Body and Soul,7.5,116.0
The Christmas Chronicles,7.0,104.0
To All the Boys: P.S. I Still Love You,6.0,101.0
Ludo,7.6,
Bullet Head,5.4,93.0
The Great Hack,7.0,114.0
Lust Stories,6.4,120.0
Girl,7.1,105.0
Close,5.7,94.0
A Prayer Before Dawn,6.8,116.0
Ala Vaikunthapurramuloo,7.3,163.0
Sierra Burgess Is a Loser,5.8,105.0
Shimmer Lake,6.3,83.0
Time to Hunt,6.3,134.0
Our Souls at Night,6.9,103.0
Skiptrace,5.6,107.0
Then Came You,6.9,97.0
Initial D,6.3,107.0
Lift,6.1,95.0
The Last Summer,5.5,109.0
Ethos,8.5,78.0
Badla,7.8,118.0
Little Evil,5.7,94.0
In the Shadow of Iris,6.1,99.0
The Open House,3.3,94.0
Stone of Destiny,6.7,96.0
Last Breath,7.7,90.0
Retribution,7.0,60.0
Ip Man 3,7.0,105.0
"Crouching Tiger, Hidden Dragon: Sword of Destiny",6.1,96.0
Sandy Wexler,5.2,130.0
The Coldest Game,6.2,102.0
6 Below: Miracle on the Mountain,5.7,98.0
I Am the Pretty Thing That Lives in the House,4.6,89.0
The Breadwinner,7.7,94.0
Dilwale,5.0,158.0
Tramps,6.5,82.0
I Lost My Body,7.5,81.0
Sunny,7.8,22.0
Halo 4: Forward Unto Dawn,6.7,100.0
Monster,6.5,120.0
Alex Strangelove,6.3,99.0
The Other Side of the Wind,6.7,122.0
Day of the Dead: Bloodline,3.4,90.0
The Quake,6.2,106.0
First They Killed My Father,7.1,136.0
"Berlin, I Love You",4.6,120.0
Otherhood,6.1,100.0
Damsel,5.5,113.0
13th,8.2,100.0
6 Years,5.5,79.0
Rainbow,8.0,106.0
Triple Threat,5.6,96.0
Queen,7.1,146.0
Damascus Cover,5.3,93.0
Pee-wee's Big Holiday,6.1,90.0
The After Party,5.7,120.0
Berserk: The Golden Age Arc I - The Egg of the King,7.5,76.0
After Porn Ends,5.7,94.0
The Dawn Wall,8.1,100.0
Earthquake Bird,5.9,107.0
Message from the King,6.4,102.0
Players,4.1,88.0
The Returned,7.0,52.0
Uncorked,6.4,104.0
Berserk: The Golden Age Arc III - The Advent,7.8,110.0
Point Blank,5.7,86.0
Private Life,7.2,123.0
Acrimony,5.8,120.0
Like Father,6.1,98.0
Other People,6.8,97.0
Article 15,8.2,130.0
Mine,7.7,106.0
"Oh, Ramona!",4.8,109.0
System Crasher,7.8,125.0
SPF-18,3.2,75.0
Unicorn Store,5.6,92.0
Marfa Girl,5.2,105.0
The Beyond,4.9,87.0
XX,4.6,80.0
The Prince,4.6,
Steve Martin and Martin Short: An Evening You Will Forget for the Rest of Your Life,7.1,74.0
Dry Martina,5.8,95.0
Joshua,5.8,106.0
Lady Driver,5.7,104.0
Roped,5.4,91.0
Nothing to Hide,6.8,90.0
Tell Me Who I Am,7.6,85.0
Next Gen,6.6,106.0
The Angel,6.6,114.0
From the Dark,4.9,90.0
Happy as Lazzaro,7.5,128.0
American Factory,7.4,110.0
The Bling Ring,5.6,90.0
Blue Jay,7.2,80.0
Acts of Violence,5.3,86.0
The Ruthless,6.2,111.0
ARQ,6.3,88.0
Tune in for Love,7.1,122.0
The Duchess,6.7,110.0
Jarhead 2: Field of Fire,5.4,103.0
Wonder Park,5.8,85.0
Mascots,5.8,89.0
Blackout,5.9,153.0
Voyeur,6.1,98.0
Ugly,8.0,128.0
Gnome Alone,5.6,85.0
Sharknado 2: The Second One,4.0,95.0
Stree,7.5,128.0
Middle School: The Worst Years of My Life,6.0,92.0
Zapped,5.0,102.0
Father of the Year,5.2,94.0
Tag,6.1,100.0
Toc Toc,6.8,99.0
Mr. Roosevelt,6.2,90.0
The Invisible Guardian,6.4,129.0
Sweet Virginia,6.2,93.0
Edge of Fear,4.5,91.0
"My Teacher, My Obsession",4.4,90.0
Sextuplets,4.4,97.0
22 Bullets,6.6,117.0
Wheelman,6.4,82.0
Benji,6.3,87.0
A Fortunate Man,7.2,162.0
The Trap,4.3,62.0
The Devil Inside,4.2,83.0
Paddleton,7.1,89.0
Headshot,6.3,92.0
Holiday in the Wild,6.1,85.0
Saving Zoë,5.3,95.0
The Hurricane Heist,5.1,103.0
LBJ,6.5,98.0
A Christmas Prince,5.8,92.0
The Hard Way,4.8,109.0
Pandora,6.6,42.0
Catfight,5.9,95.0
When Angels Sleep,5.5,91.0
The Body,5.4,89.0
The Skin of the Wolf,5.8,110.0
True Memoirs of an International Assassin,5.9,98.0
After Porn Ends 3,5.4,86.0
Justice Served,4.7,102.0
Happy New Year,4.9,118.0
Palm Trees in the Snow,7.3,163.0
Irreplaceable You,6.4,96.0
I Still See You,5.8,98.0
Clinical,5.1,104.0
Houdini,7.3,174.0
The Gruffalo,7.5,27.0
The Princess Switch,6.0,101.0
Rocco,5.7,105.0
Bodies,3.6,60.0
The Photographer of Mauthausen,6.7,110.0
Mindhorn,6.3,89.0
A Shaun the Sheep Movie: Farmageddon,6.8,86.0
All Day and a Night,5.9,121.0
18 Presents,6.9,115.0
Animal,7.9,84.0
David Brent: Life on the Road,6.3,96.0
A Twelve-Year Night,7.5,122.0
Swearnet: The Movie,6.0,112.0
The Incredible Jessica James,6.5,85.0
Special Correspondents,5.9,101.0
Beats,6.3,101.0
The Land of Steady Habits,6.2,98.0
Hamlet,5.2,242.0
Isi & Ossi,6.4,113.0
I Am Jonas,7.0,82.0
Vault,5.4,99.0
Solo,5.0,135.0
The Holiday Calendar,5.7,95.0
A Cinderella Story: Christmas Wish,5.2,85.0
An Interview with God,5.8,97.0
The Main Event,4.8,101.0
The Last Laugh,5.6,98.0
Sky High,5.5,100.0
Once Upon a Time in London,5.4,111.0
First Match,6.4,102.0
The Knight Before Christmas,5.5,92.0
Girls with Balls,3.9,77.0
Berserk: The Golden Age Arc II - The Battle for Doldrey,7.7,95.0
Heartthrob,5.4,86.0
The Sky Is Pink,7.6,143.0
iBoy,5.9,90.0
Gaga: Five Foot Two,7.0,100.0
The Drug King,6.2,139.0
A Sun,7.6,156.0
Luna Park,6.5,
OtherLife,6.2,96.0
The Edge of Democracy,7.3,121.0
The Most Hated Woman in America,6.1,91.0
Your Son,6.1,103.0
4 Moons,7.4,110.0
The Legacy of a Whitetail Deer Hunter,5.5,83.0
Mrs. Serial Killer,4.2,106.0
6 Balloons,5.9,74.0
Guilty,5.4,132.0
El Camino Christmas,5.7,89.0
Eerie,4.6,101.0
Coffee & Kareem,5.1,88.0
Take Me,6.1,83.0
The Outcasts,5.4,95.0
Atlantics,6.7,106.0
High Society,5.5,111.0
Small Crimes,5.8,95.0
Tallulah,6.7,111.0
May the Devil Take You,5.9,110.0
Gun City,6.3,126.0
Svaha: The Sixth Finger,6.2,122.0
Perdida,5.6,149.0
Winter on Fire: Ukraine's Fight for Freedom,8.3,102.0
The Monkey King,8.1,119.0
Mersal,7.5,172.0
Lady J,6.8,109.0
Rebirth,4.9,100.0
Christmas Inheritance,5.7,104.0
Crash Pad,5.7,91.0
The World Is Yours,6.3,102.0
One Day,7.0,107.0
Pokémon: Mewtwo Strikes Back - Evolution,5.7,98.0
The Numbers Station,5.6,89.0
Invader ZIM: Enter the Florpus,7.4,71.0
High Flying Bird,6.2,90.0
Godspeed,6.5,94.0
Results,5.4,105.0
Blame!,6.6,106.0
Miss Americana,7.4,85.0
The Forest of Love,6.3,151.0
School Life,6.5,111.0
The Polka King,5.9,95.0
Twin Murders: The Silence of the White City,5.3,110.0
Wolf,8.0,125.0
Super Buddies,4.2,81.0
Jarhead 3: The Siege,5.1,95.0
Girlfriend's Day,5.2,65.0
Rattlesnake,4.6,85.0
Altered Carbon: Resleeved,6.5,74.0
White Fang,6.9,107.0
Jo Koy: Live from Seattle,7.3,62.0
Steel Rain,7.1,139.0
The Resistance Banker,6.9,123.0
NiNoKuni,6.1,106.0
Nappily Ever After,6.4,98.0
Animal World,6.4,30.0
The Maus,4.6,90.0
Flavors of Youth,6.6,74.0
Furie,6.3,134.0
Indiscretion,4.8,99.0
Illang: The Wolf Brigade,5.9,139.0
I Am Not an Easy Man,6.3,98.0
Walk. Ride. Rodeo.,6.4,100.0
Te3n,7.2,136.0
Amanda Knox,6.9,92.0
Swiped,3.1,93.0
Cowspiracy: The Sustainability Secret,8.1,90.0
Rising High,5.9,94.0
Intuition,5.5,116.0
Barry,5.9,30.0
See You Yesterday,5.2,84.0
The Big Combo,7.3,87.0
Win It All,6.2,88.0
Radio Rebel,5.8,85.0
Opening Night,6.0,144.0
St. Agatha,4.9,103.0
Happy Anniversary,5.7,78.0
Shanghai Fortress,4.4,107.0
The Breaker Upperers,5.9,90.0
Kahaani,8.1,122.0
They Call Me Jeeg,7.0,112.0
Walt Before Mickey,5.9,107.0
Soaked in Bleach,7.3,90.0
Mercy Black,4.9,88.0
Pottersville,5.4,84.0
The Black Room,3.4,91.0
Setup,4.4,85.0
Monogamy,6.4,30.0
Olaf's Frozen Adventure,5.6,22.0
Duck Duck Goose,5.7,91.0
37 Seconds,7.4,115.0
Who Would You Take to a Deserted Island?,5.3,93.0
Close Enemies,6.4,111.0
Nothing to Lose,6.6,98.0
Handsome: A Netflix Mystery Movie,5.2,80.0
Dave Chappelle: Sticks & Stones,8.4,65.0
The Incident,6.3,107.0
Amateur,5.9,96.0
The Guest House,3.5,82.0
The Silence of the Marsh,5.0,92.0
My Suicide,7.0,107.0
The Awakening of Motti Wolkenbruch,6.6,94.0
Bon Cop Bad Cop,6.7,116.0
Christmas with a View,5.1,91.0
American Son,5.8,90.0
Deadly Switch,4.5,97.0
Smosh: The Movie,3.2,84.0
Burn Out,6.2,107.0
Monsoon,6.0,85.0
Into the Inferno,7.2,104.0
Berlin Calling,7.2,100.0
The Cursed,7.1,60.0
A Christmas Prince: The Royal Baby,5.4,84.0
Howl,6.6,92.0
Bad Seeds,7.3,100.0
XOXO,5.3,92.0
The Perfect Dictatorship,7.2,143.0
Avicii: True Stories,7.6,97.0
Preservation,4.8,90.0
Divines,7.4,105.0
Budapest,5.4,102.0
Despite Everything,5.4,78.0
Smoke & Mirrors,6.8,123.0
A Very Murray Christmas,5.5,56.0
Marco Polo: One Hundred Eyes,7.7,28.0
Once Again,8.4,101.0
Sun Dogs,6.2,94.0
He Walked by Night,7.1,79.0
The Motive,6.5,112.0
Shéhérazade,7.1,101.0
Gridlocked,5.8,110.0
Lu Over the Wall,6.8,112.0
The Jurassic Games,3.8,86.0
Candy Jar,5.8,92.0
Sad Hill Unearthed,7.4,86.0
Soni,7.1,110.0
The Kitchen,5.0,102.0
Virunga,8.2,100.0
Barbie: Dolphin Magic,5.6,63.0
23:59,4.5,78.0
The Fury of a Patient Man,6.7,92.0
Hangman,4.6,98.0
Ashby,6.4,100.0
100 Meters,7.5,108.0
The Barkley Marathons: The Race That Eats Its Young,7.7,89.0
Airplane Mode,5.1,80.0
Force 2,6.2,127.0
Come Sunday,6.0,106.0
Christmas Wedding Planner,4.3,86.0
Jinn,3.4,97.0
Long Shot,7.4,125.0
In Family I Trust,6.2,97.0
Drive,3.1,100.0
Love Aaj Kal,4.7,142.0
Forks Over Knives,7.7,96.0
Rocky Handsome,6.8,119.0
Let's Dance,5.9,104.0
Long Nights Short Mornings,5.4,100.0
Advantageous,6.1,90.0
Clair Obscur,6.4,105.0
Chicago Overcoat,5.9,94.0
Eden,6.6,131.0
Undefeated,7.7,113.0
The Devil and Father Amorth,4.6,68.0
Mercy,4.1,108.0
Imperfect,7.8,113.0
Any Day Now,7.4,60.0
Adam Sandler: 100% Fresh,7.5,73.0
Violet Evergarden: Eternity and the Auto Memory Doll,7.4,90.0
Heartbeats,5.3,101.0
The Bloodstained Butterfly,6.3,99.0
A Secret Love,7.8,81.0
A Christmas Prince: The Royal Wedding,5.3,92.0
Middle of Nowhere,6.5,95.0
Life,7.5,104.0
Imperial Dreams,6.7,87.0
Mohawk,4.7,91.0
I'll Be Home for Christmas,6.1,86.0
Ricky Gervais: Humanity,7.9,79.0
Eating Out: The Open Weekend,5.4,82.0
Sundown,5.3,103.0
The Warning,5.9,92.0
Take Your Pills,6.3,87.0
Life Itself,7.8,117.0
Kevin Hart: What Now?,5.9,96.0
The Battered Bastards of Baseball,8.0,80.0
Alien Warfare,2.6,88.0
No Way Out,6.7,114.0
Melancholia,7.3,135.0
The Golem,5.5,95.0
Ali's Wedding,6.9,110.0
My Happy Family,7.4,120.0
Good Sam,5.7,89.0
King Jack,6.9,81.0
Earth and Blood,5.2,80.0
"Frankenstein's Monster's Monster, Frankenstein",5.8,32.0
Stalked by My Doctor: The Return,5.7,97.0
Shirkers,7.4,97.0
Dog Gone,4.7,108.0
Munafik 2,5.5,104.0
Jo Pil-ho: The Dawning Rage,6.3,127.0
"Live Twice, Love Once",7.2,101.0
Zero,5.7,164.0
Mother,6.8,121.0
Hannah Gadsby: Nanette,8.1,69.0
Toro,5.9,105.0
Tigertail,6.6,91.0
Casting JonBenet,6.1,80.0
Coin Heist,4.8,97.0
The Mansion,4.6,100.0
The Legend of Cocaine Island,6.3,83.0
"Michael Bolton's Big, Sexy Valentine's Day Special",6.8,54.0
Strange Weather,6.0,92.0
Rocko's Modern Life: Static Cling,6.9,45.0
The Keeper,5.0,120.0
Savage Dog,4.9,94.0
DNA,6.0,
Brother,6.7,96.0
The 101-Year-Old Man Who Skipped Out on the Bill and Disappeared,6.3,108.0
"Bikram: Yogi, Guru, Predator",6.7,86.0
Time Share,5.9,96.0
Spivak,5.6,91.0
The Real Miyagi,7.1,80.0
The Entitled,4.2,91.0
Act of Vengeance,5.7,119.0
Audrie & Daisy,7.2,95.0
The Square,8.0,151.0
1898: Our Last Men in the Philippines,6.5,105.0
Grandmaster,6.9,100.0
"Fat, Sick & Nearly Dead",7.5,97.0
Ajji,7.0,104.0
Selfie 69,6.1,116.0
My Wife Is a Gangster 3,6.3,115.0
Hulk: Where Monsters Dwell,5.3,75.0
Bo Burnham: Make Happy,8.3,60.0
Kevin Hart: Irresponsible,6.5,60.0
Tiger Orange,6.5,75.0
Test,6.4,101.0
Tony Robbins: I Am Not Your Guru,6.6,115.0
Sky Ladder: The Art of Cai Guo-Qiang,7.3,76.0
City of Tiny Lights,5.5,110.0
Ultras,6.2,108.0
Money Heist: The Phenomenon,7.5,57.0
Take the 10,4.7,80.0
The Witness,7.0,111.0
Been So Long,5.5,100.0
26 Years,6.3,135.0
"What Happened, Miss Simone?",7.6,101.0
Sand Storm,6.8,87.0
The Worthy,5.1,99.0
Dear Ex,7.3,100.0
Happy Old Year,7.2,
Us and Them,7.3,120.0
Mo Amer: The Vagabond,7.3,56.0
The Amityville Haunting,2.6,86.0
Team Foxcatcher,7.3,90.0
Hisss,2.9,98.0
The 3rd Eye,5.1,107.0
Revenger,5.7,95.0
This Earth of Mankind,6.9,181.0
Check Point,3.2,97.0
Cardboard Gangsters,6.4,92.0
Juanita,6.0,90.0
Lady-Like,5.2,82.0
Circus of Books,7.1,92.0
Whitney,7.3,30.0
Seventeen,7.2,102.0
Lionheart,5.7,108.0
Sunday's Illness,6.9,113.0
Splatter,3.2,29.0
Becoming,6.9,89.0
Maktub,7.3,100.0
Maria,5.0,90.0
Bill Burr: Paper Tiger,8.1,67.0
About Time,6.9,123.0
Wildflower,5.2,120.0
Blood Brother,4.4,87.0
Nazi Concentration Camps,8.3,59.0
Disciples of the 36th Chamber,6.4,90.0
Chasing Coral,8.0,93.0
Welcome to Dongmakgol,7.6,133.0
Sabrina,4.1,22.0
F.R.E.D.I.,5.0,89.0
Filosofi Kopi,7.1,117.0
Dragon Age: Dawn of the Seeker,5.7,90.0
Loev,5.9,92.0
Strong Island,6.4,107.0
Cuba and the Cameraman,8.2,113.0
Godzilla: The Planet Eater,5.0,91.0
Habibie & Ainun,7.6,120.0
Sahara,5.5,124.0
Burning Sands,6.0,96.0
Deep,4.8,92.0
Silencer,3.8,88.0
Layla M.,6.6,98.0
American Dreamer,6.2,92.0
Made in China,6.3,128.0
Garbage,3.7,105.0
And Breathe Normally,6.9,95.0
Homecoming: A Film by Beyoncé,7.5,137.0
Running Wild,5.8,101.0
Chopsticks,6.5,100.0
Chhota Bheem Kung Fu Dhamaka,5.3,97.0
Dragon Quest: Your Story,6.5,103.0
Hold Your Breath,3.3,89.0
Coyotes,5.2,90.0
Her Infidelity,3.5,83.0
Our Lovers,6.7,88.0
The Plagues of Breslau,5.9,93.0
Togo,8.1,113.0
Ball and Chain,4.6,
Bad Day for the Cut,6.5,99.0
Morris from America,6.3,91.0
The Seven Deadly Sins: Prisoners of the Sky,7.1,99.0
Black Snow,6.2,90.0
Dead Kids,5.4,105.0
Chandni Bar,7.6,150.0
Struggle: The Life and Lost Art of Szukalski,7.9,115.0
A Plastic Ocean,7.9,102.0
Dave Chappelle: Equanimity,8.1,64.0
Taylor Tomlinson: Quarter-Life Crisis,7.4,61.0
Bon Cop Bad Cop 2,6.6,126.0
Yucatán,5.5,129.0
Tactical Force,4.7,91.0
The Gospel of John,7.7,180.0
The Man Without Gravity,5.8,107.0
Murder to Mercy: The Cyntoia Brown Story,6.3,96.0
They'll Love Me When I'm Dead,7.4,98.0
The Door,6.9,96.0
Seven in Heaven,5.3,94.0
Light in the Dark,5.6,105.0
Brené Brown: The Call to Courage,7.7,76.0
Cities of Last Things,6.2,106.0
Zach Galifianakis: Live at the Purple Onion,7.2,72.0
Godzilla: City on the Edge of Battle,5.8,101.0
Temple,3.6,
Laddaland,6.2,113.0
Danur,5.3,74.0
Manson Family Vacation,5.8,84.0
Abzurdah,5.4,89.0
Death Clique,5.4,83.0
Full Count,5.6,110.0
Travis Scott: Look Mom I Can Fly,6.3,84.0
Alice in Wonderland,7.4,108.0
Amy Schumer: The Leather Special,3.1,57.0
Naked Among Wolves,7.2,105.0
1920,6.4,138.0
Consent,5.8,87.0
The Secrets of Emily Blair,4.1,95.0
The Bleeding Edge,7.6,99.0
The Rachel Divide,6.3,100.0
Aliens on the Moon: The Truth Exposed,3.4,86.0
Misfit,4.3,82.0
The Present,7.6,85.0
Darc,5.8,97.0
Little Boxes,5.9,84.0
Trixie Mattel: Moving Parts,7.3,91.0
My Perfect Romance,4.6,91.0
Detention,6.3,95.0
Hasan Minhaj: Homecoming King,8.2,73.0
The Killer Is Loose,6.6,73.0
The Journey Is the Destination,6.3,123.0
Skew,4.4,83.0
Phobia 2,6.6,125.0
Bert Kreischer: The Machine,7.6,70.0
Shepherds and Butchers,6.8,106.0
The Last Word,7.0,92.0
Monty Python: The Meaning of Live,7.6,90.0
X: Past Is Present,5.2,105.0
Rajma Chawal,5.7,117.0
Deuces,5.8,87.0
Mostly Sunny,5.4,83.0
Bhangra Paa Le,6.2,131.0
Ungli,5.8,114.0
Our Godfather,6.8,92.0
Bill Burr: I'm Sorry You Feel That Way,8.2,80.0
I Do,6.4,79.0
River's Edge,6.2,99.0
A Land Imagined,6.2,95.0
Keith Richards: Under the Influence,7.1,81.0
League of Legends Origins,6.5,77.0
Boi,5.0,110.0
Champion,6.6,130.0
Godzilla: Planet of the Monsters,6.0,89.0
Taylor Swift: Reputation Stadium Tour,8.4,125.0
Hot Gimmick: Girl Meets Boy,4.4,119.0
Pickpockets,5.4,108.0
The Ape,5.9,100.0
Grass is Greener,7.1,97.0
Invisible,6.0,112.0
Saving Capitalism,6.8,73.0
Along Came Jones,6.4,90.0
Stash House,4.7,99.0
The Carer,6.5,89.0
Kardec,6.1,110.0
Kevin Hart: Let Me Explain,6.6,75.0
Frank and Cindy,6.1,102.0
Brahman Naman,5.5,95.0
Holiday Rush,4.9,92.0
The Death and Life of Marsha P. Johnson,7.2,105.0
Dovlatov,6.4,126.0
The Chosen,3.5,
Battle,5.9,95.0
Aliens: Zone of Silence,3.4,79.0
Louis C.K. 2017,7.6,74.0
Maska,5.9,101.0
Miss Representation,7.5,85.0
Ali Wong: Baby Cobra,7.5,60.0
Rudy Habibie,7.5,124.0
Ready to Mingle,5.9,95.0
Aleksandr's Price,4.8,108.0
The Pill,5.4,83.0
Reset,8.1,92.0
Sinister Squad,2.2,90.0
Catching Feelings,5.6,124.0
Hypersomnia,5.0,90.0
Larceny,3.4,87.0
The Silence of the Sky,6.5,102.0
Mission Blue,7.9,95.0
Autumn,3.1,99.0
The Accountant of Auschwitz,7.3,78.0
Why Me?,7.4,87.0
The Trader,6.7,23.0
Milada,6.3,124.0
Seoul Searching,7.0,105.0
Hellions,4.2,80.0
My Beautiful Broken Brain,7.0,86.0
Particle Fever,7.4,99.0
Neverlake,5.3,86.0
Sara's Notebook,5.9,115.0
"To Each, Her Own",5.4,95.0
Joan Didion: The Center Will Not Hold,7.5,94.0
The Creative Brain,6.3,52.0
Quincy,7.6,60.0
End Game,7.1,93.0
Yes or No,6.7,102.0
Joe Rogan: Strange Times,7.3,63.0
Knock Down the House,7.2,87.0
ReMastered: Devil at the Crossroads,7.0,48.0
Reversing Roe,7.5,99.0
Iliza Shlesinger: War Paint,6.6,75.0
David A. Arnold Fat Ballerina,7.0,60.0
Paranormal Investigation,3.7,92.0
The Black Godfather,7.5,118.0
Tom Segura: Disgraceful,7.5,71.0
Evelyn,7.2,94.0
Bert Kreischer: Hey Big Boy,7.0,62.0
Generation Iron 2,6.1,106.0
Bert Kreischer: Secret Time,7.3,57.0
The Cell,6.3,107.0
The 3rd Eye 2,5.4,116.0
Feminists: What Were They Thinking?,7.0,86.0
Heroin(e),6.8,39.0
Paris Is Us,4.6,83.0
Music Teacher,6.2,101.0
Gie,7.6,147.0
Revenge of the Pontianak,5.3,92.0
Last Will,4.5,90.0
Tom Segura: Ball Hog,7.3,70.0
Money,5.5,86.0
Let's Be Evil,4.3,82.0
The Philly Kid,5.6,90.0
Parked,6.7,94.0
Pray for Rain,5.3,92.0
Street,4.6,90.0
Chief Daddy,4.7,99.0
The Laws of Thermodynamics,6.0,100.0
Dancing with the Birds,8.2,51.0
The White Helmets,7.5,41.0
Street Flow,6.4,96.0
Kevin Hart's Guide to Black History,5.5,62.0
War Flowers,4.2,99.0
The Treasure,7.0,157.0
Monty Python Live (Mostly),7.6,162.0
Rats,6.5,97.0
John Mulaney: Kid Gorgeous at Radio City,7.9,65.0
We Are Family,6.1,94.0
Anthony Jeselnik: Fire in the Maternity Ward,7.2,64.0
Period. End of Sentence.,7.4,26.0
Küçük Esnaf,5.6,104.0
Mad World,7.2,101.0
The Road to El Camino: Behind the Scenes of El Camino: A Breaking Bad Movie,7.1,
Paradise Lost,7.0,
Deidra & Laney Rob a Train,6.0,92.0
Bethany Hamilton: Unstoppable,7.4,100.0
Target,4.0,103.0
A Christmas Tree Miracle,6.5,102.0
Helios,5.5,118.0
Pants on Fire,5.1,30.0
Bill Burr: Walk Your Way Out,7.2,77.0
American Violence,4.4,107.0
Joy,6.6,124.0
Pete Davidson: Alive from New York,6.1,49.0
King's Faith,6.2,108.0
Atone,3.1,89.0
Get Me Roger Stone,7.3,92.0
Moms at War,6.4,90.0
Sebastian Maniscalco: What's Wrong with People?,8.0,75.0
Quiet Victory: The Charlie Wedemeyer Story,7.2,100.0
Soekarno,6.9,137.0
The American Meme,6.7,98.0
Veronica,5.8,94.0
Bhouri,6.6,140.0
Chris Tucker Live,6.3,92.0
Manhattan Romance,5.6,94.0
Asperger's Are Us,6.6,82.0
The Short Game,7.3,99.0
Extremis,7.3,93.0
There's Something in the Water,6.5,73.0
Jeff Dunham: Beside Himself,6.9,58.0
The Ivory Game,7.8,112.0
Trevor Noah: Afraid of the Dark,7.2,67.0
City of Ghosts,7.5,116.0
One More Time,6.8,98.0
The Boss's Daughter,5.4,98.0
Merry Men: The Real Yoruba Demons,4.9,106.0
Sebastian Maniscalco: Stay Hungry,7.1,65.0
Anthony Jeselnik: Thoughts and Prayers,7.7,59.0
Leslie Jones: Time Machine,5.3,66.0
LA Originals,7.2,92.0
Machhli Jal Ki Rani Hai,2.3,120.0
Pachamama,6.8,72.0
Lens,6.6,109.0
Swing State,3.7,95.0
Theo Von: No Offense,5.6,67.0
Jerry Before Seinfeld,7.0,62.0
Recovery Boys,6.7,89.0
Azali,5.6,92.0
River of Darkness,2.2,130.0
Jeff Dunham: Arguing with Myself,8.0,76.0
Bon Bini Holland,5.4,85.0
The App,2.7,78.0
Jefe,5.4,89.0
Roll Red Roll,7.1,80.0
Kevin James: Never Don't Give Up,6.2,62.0
Yeh Ballet,7.5,117.0
Jeff Dunham: Controlled Chaos,7.4,97.0
Slam,6.1,100.0
"Love, Surreal and Odd",5.6,95.0
King of Boys,5.9,169.0
Up North,5.5,99.0
Tom Segura: Mostly Stories,7.5,73.0
You Carry Me,7.0,155.0
House Arrest,5.5,108.0
People You May Know,5.6,92.0
"Ram Dass, Going Home",7.0,31.0
7 Chinese Brothers,5.6,76.0
Ghosts of Sugar Land,5.5,21.0
The Avenging Eagle,7.4,90.0
The Burial of Kojo,6.4,80.0
Boss Wants a Happy Ending,6.0,109.0
First Kiss,3.8,113.0
Death and Cremation,5.6,86.0
Video Games: The Movie,6.1,101.0
Mere Pyare Prime Minister,6.8,104.0
Atari: Game Over,6.7,66.0
Call Me Lucky,7.5,106.0
First Impression,5.1,96.0
The Most Assassinated Woman in the World,5.3,102.0
Salam - The First ****** Nobel Laureate,7.8,75.0
Bygones Be Bygones,6.2,108.0
John Mulaney: The Comeback Kid,7.9,62.0
1920 London,4.1,120.0
Isolated,6.1,85.0
Katt Williams: Great America,6.2,60.0
Romina,2.3,77.0
Thithi,8.0,123.0
Upstarts,6.7,112.0
The Man in the Iron Mask,4.7,132.0
Greg Davies: You Magnificent Beast,7.1,66.0
Growing Up Wild,7.1,78.0
Bayonet,5.6,101.0
Aziz Ansari: Right Now,7.5,65.0
My Little Pony: Equestria Girls - Legend of Everfree,6.3,73.0
Dark Power,3.4,87.0
Jack of all Trades,5.9,30.0
The King of the Streets,5.0,88.0
Cash Only,6.0,91.0
Mercury 13,6.9,78.0
"Lorena, Light-footed Woman",7.0,28.0
The Culture High,8.2,120.0
Tom Segura: Completely Normal,7.7,74.0
Si Doel the Movie 2,6.8,95.0
Go! The Unforgettable Party,5.1,60.0
A Life of Speed: The Juan Manuel Fangio Story,7.0,92.0
Pulang,6.7,120.0
How to Get Over a Breakup,6.1,104.0
Sarah Silverman: A Speck of Dust,6.9,71.0
A Haunting at Silver Falls: The Return,3.2,79.0
Internet Famous,3.5,87.0
Joe Rogan: Triggered,7.4,63.0
Bir Baba Hindu,2.5,112.0
Angela's Christmas,7.0,30.0
The (Silent) War,5.5,121.0
Chris D'Elia: No Pain,5.9,55.0
Bobby Robson: More Than a Manager,8.1,104.0
LFO,6.6,94.0
Dark Chocolate,4.2,92.0
Midnight Chronicles,3.6,100.0
Calum Von Moger: Unbroken,6.2,95.0
The Sinking of Van Der Wijck,7.6,164.0
ReMastered: The Two Killings of Sam Cooke,7.2,74.0
American Bully,4.8,85.0
Uppity: The Willy T. Ribbs Story,7.8,109.0
Very Big Shot,6.9,107.0
"Norm Macdonald: Hitler's Dog, Gossip & Trickery",7.3,60.0
The Lost Brother,6.5,112.0
Ali Wong: Hard Knock Wife,7.3,64.0
Fire in Paradise,7.4,39.0
Doonby,5.2,104.0
Crossroads: One Two Jaga,6.5,85.0
Strangled,7.3,121.0
Black Site Delta,3.8,87.0
Tig,7.4,95.0
One in a Billion,6.7,69.0
The 24 Hour War,7.2,99.0
Neal Brennan: 3 Mics,7.9,65.0
Nobody Speak: Trials of the Free Press,6.5,95.0
Dolphin Kick,4.4,89.0
Little Italy,5.9,102.0
Forgive Us Our Debts,6.2,104.0
Freshman Year,4.9,105.0
Dukhtar,6.9,93.0
Amit Tandon: Family Tandoncies,7.1,72.0
Salaakhen,5.7,165.0
I Called Him Morgan,7.3,92.0
Nate Bargatze: The Tennessee Kid,7.6,60.0
Masameer: The Movie,5.9,110.0
The Last Hangover,6.3,44.0
The Music of Strangers: Yo-Yo Ma and the Silk Road Ensemble,7.7,96.0
The Memory of Water,6.1,88.0
Seth Meyers: Lobby Baby,7.4,61.0
A Family Reunion Christmas,5.8,28.0
"Ron White: If You Quit Listening, I'll Shut Up",6.5,63.0
The First Temptation of Christ,4.8,46.0
Armed to the Teeth,7.9,105.0
The Bling Lagosians,6.5,97.0
Recall,3.0,73.0
Chelsea Peretti: One of the Greats,6.9,74.0
The Little Switzerland,4.8,86.0
"Hello, Privilege. It's Me, Chelsea",4.6,64.0
A Scandall,3.1,112.0
Gabriel Iglesias: I'm Sorry for What I Said When I Was Hungry,7.4,87.0
Jim Jefferies: Freedumb,7.7,86.0
Train of the Dead,3.5,88.0
Dayveon,6.3,75.0
Isle of Dogs,3.5,101.0
Eyyvah Eyvah,7.0,104.0
Devil's Bride,6.0,110.0
Pandora's Promise,7.3,87.0
He Who Dares,3.1,82.0
Carmen Sandiego: To Steal or Not to Steal,6.9,31.0
Demetri Martin: The Overthinker,7.2,56.0
Charlie and the Chocolate Factory,6.6,115.0
Uncertain Glory,6.1,115.0
"The Other One: The Long, Strange Trip of Bob Weir",7.3,85.0
Jeff Dunham: Relative Disaster,6.4,70.0
Curtiz,6.0,98.0
Tikli and Laxmi Bomb,7.7,151.0
Puss in Book: Trapped in an Epic Tale,5.2,23.0
"¡Ay, mi madre!",3.9,84.0
The Wedding Party,4.8,87.0
ReMastered: The Miami Showband Massacre,7.0,71.0
S Is for Stanley,6.9,78.0
Life Overtakes Me,6.5,39.0
Being Elmo: A Puppeteer's Journey,7.6,80.0
Firebrand,5.1,116.0
Nikki Glaser: Bangin',6.1,63.0
If Only,7.2,92.0
What We Started,7.1,94.0
Night Fare,5.5,80.0
City of Joy,7.6,132.0
E-Team,7.1,88.0
Gary Gulman: It's About Time,7.1,54.0
Seth Rogen's Hilarity for Charity,5.0,70.0
Fortune Feimster: Sweet & Salty,6.8,61.0
Iliza Shlesinger: Unveiled,6.5,78.0
Identical,3.1,80.0
Jimmy Carr: Funny Business,7.2,62.0
6-5=2,4.4,105.0
Prague,5.5,92.0
The Poltergeist of Borley Forest,2.5,102.0
Khoon Khoon,5.2,
Bomb Scared,5.7,89.0
Jimmy Carr: The Best of Ultimate Gold Greatest Hits,7.3,58.0
Zion,7.1,12.0
Sebastian Maniscalco: Why Would You Do That?,7.4,63.0
Derren Brown: Sacrifice,7.1,49.0
Donald Glover: Weirdo,7.4,65.0
El club de los buenos infieles,5.5,90.0
Heroes Wanted,4.6,95.0
Spirit Riding Free: Spirit of Christmas,5.3,45.0
The Darkest Dawn,4.0,76.0
Jeff Dunham: Minding the Monsters,7.0,80.0
Kathleen Madigan: Bothering Jesus,7.4,72.0
The Hospital,7.4,103.0
Free Rein: The Twelve Neighs of Christmas,6.6,56.0
French Dirty,5.0,72.0
Q Ball,6.8,96.0
Mysteria,3.9,94.0
Print the Legend,7.0,100.0
Loudon Wainwright III: Surviving Twin,7.1,91.0
Kingdom of Us,6.9,109.0
Mike Birbiglia: The New One,7.7,85.0
Mater,4.6,80.0
Neurons to Nirvana,7.6,85.0
The Lazarus Papers,4.1,90.0
Hondros,7.5,90.0
Still,4.3,82.0
Jim Jefferies: This Is Me Now,7.4,70.0
Roving Mars,7.2,40.0
Rise of the Zombie,3.3,86.0
Metamorphosis,7.3,113.0
Patria,7.2,106.0
Tuna Girl,6.2,89.0
Bill Hicks: Relentless,8.5,61.0
All in My Family,6.8,39.0
After Tiller,7.4,85.0
The Island,5.2,136.0
When Jews Were Funny,5.9,89.0
"Sí, Mi Amor",3.8,
A Week in Watts,6.2,91.0
Patton Oswalt: I Love Everything,6.4,
Wanda Sykes: Not Normal,7.2,60.0
Whitney Cummings: Can I Touch It?,6.5,59.0
Bruno & Boots: Go Jump in the Pool,5.8,91.0
Two Catalonias,6.4,116.0
Joshua: Teenager vs. Superpower,7.3,79.0
Ellen DeGeneres: Relatable,6.5,68.0
The Figurine,4.3,120.0
Sitara: Let Girls Dream,7.2,15.0
Urvi,6.8,151.0
ReMastered: Massacre at the Stadium,7.2,64.0
Çok Filim Hareketler Bunlar,4.4,134.0
The Reconstruction of William Zero,5.4,98.0
Mike Birbiglia: Thank God for Jokes,7.5,70.0
Deon Cole: Cole Hearted,6.9,69.0
Katherine Ryan: Glitter Room,6.8,65.0
Stereo,6.5,98.0
Still Laugh-In: The Stars Celebrate,5.2,60.0
Jonah,5.3,90.0
Russell Peters: Almost Famous,6.6,73.0
Nila,6.7,96.0
"Dana Carvey: Straight White Male, 60",6.5,64.0
Seeing Allred,7.2,96.0
Let It Fall: Los Angeles 1982-1992,7.8,144.0
Trailer Park Boys: Live at the North Pole,6.7,
Tim Allen: Men Are Pigs,6.1,30.0
Iliza Shlesinger: Confirmed Kills,6.6,77.0
Bombairiya,4.5,104.0
Freedom,7.3,94.0
Enter the Anime,2.6,58.0
Antoine Griezmann: The Making of a Legend,6.5,60.0
Mercenary,6.5,102.0
Vir Das: For India,7.7,75.0
Senna,8.5,106.0
Silent,6.3,14.0
I'll Sleep When I'm Dead,6.6,103.0
Beauties of the Night,7.2,87.0
It Takes a Lunatic,6.6,120.0
Jenny Slate: Stage Fright,5.8,66.0
Rise: Ini Kalilah,5.0,100.0
Tom Papa: You're Doing Great!,7.2,60.0
Vidal Sassoon: The Movie,6.4,90.0
Jim Gaffigan: Mr. Universe,7.7,78.0
The Mars Generation,6.5,97.0
Dust Up,4.8,80.0
Tig Notaro: Happy To Be Here,6.6,58.0
Los Tigres del Norte at Folsom Prison,7.0,64.0
Rich Kids,6.1,96.0
Marc Maron: End Times Fun,6.8,71.0
Operações Especiais,6.3,98.0
Dragons: Rescue Riders: Hunt for the Golden Dragon,5.1,46.0
Know Your Enemy - Japan,6.0,63.0
Vessel,7.6,14.0
Ryan Hamilton: Happy Face,7.3,56.0
Patton Oswalt: Talking for Clapping,6.8,65.0
The Reconquest,6.5,108.0
Tiffany Haddish: Black Mitzvah,6.3,55.0
Being Napoleon,5.4,88.0
Meet the Mormons,6.4,78.0
Rodney King,5.9,52.0
Chris D'Elia: Man on Fire,6.5,65.0
Bill Hicks: Revelations,8.5,57.0
Sol Levante,4.7,125.0
Underworld,7.0,121.0
Rattle the Cage,6.7,96.0
Léa & I,6.5,84.0
Room,4.4,118.0
Jeff Foxworthy & Larry the Cable Guy: We've Been Thinking,5.9,75.0
Ralphie May: Unruly,4.7,
The Jungle Book,4.2,106.0
My Little Pony: Equestria Girls - Friendship Games,6.4,72.0
Def Comedy Jam 25,6.6,80.0
Little Miss Sumo,6.6,19.0
Chasing Beauty,6.1,90.0
Russell Peters: Notorious,7.1,71.0
Kevin James: Sweat the Small Stuff,7.4,60.0
"Ray Romano: Right Here, Around the Corner",7.2,58.0
Jeremy Scott: The People's Designer,6.4,110.0
Rory Scovel Tries Stand-Up for the First Time,6.7,66.0
Cristina,7.8,110.0
Maz Jobrani: Immigrant,6.7,112.0
Autohead,6.0,97.0
Killswitch,7.7,72.0
Patton Oswalt: Annihilation,7.2,66.0
Russell Howard: Recalibrate,7.4,69.0
Bill Hicks: Sane Man,8.3,81.0
Shaolin Martial Arts,6.8,106.0
Misfit 2,4.9,81.0
Night on Earth: Shot in the Dark,7.7,59.0
Whitney Cummings: Money Shot,6.2,48.0
Backfire,3.6,94.0
Shuddhi,7.9,114.0
Anjelah Johnson: Not Fancy,5.7,90.0
Christina P: Mother Inferior,6.4,59.0
Blue,7.6,77.0
Marlon Wayans: Woke-ish,6.5,68.0
Jim Gaffigan: Cinco,7.1,73.0
A StoryBots Christmas,5.8,24.0
Western,6.1,121.0
Road to Roma,7.7,72.0
Maroon,5.1,94.0
Birders,6.4,37.0
Michelle Wolf: Joke Show,7.2,59.0
M Cream,5.4,112.0
The Apostate,5.8,80.0
Mokalik (Mechanic),6.2,100.0
Marc Maron: Too Real,7.2,70.0
Sam Kinison: Breaking the Rules,7.2,50.0
Kung Fu Elliot,6.5,81.0
Marc Maron: Thinky Pain,7.3,95.0
Teddy Bear,7.1,106.0
My Way: The Rise and Fall of Silvio Berlusconi,6.3,98.0
She Did That,6.9,71.0
Iliza Shlesinger: Freezing Hot,6.8,71.0
A Yellow Bird,5.4,112.0
Road to Yesterday,6.0,91.0
Chris D'Elia: Incorrigible,6.4,83.0
Katherine Ryan: In Trouble,7.0,63.0
Jeff Dunham: Unhinged in Hollywood,6.7,71.0
Rumble,3.6,
Burt's Buzz,6.5,88.0
"Yours Sincerely, Kanan Gill",7.1,72.0
Resurface,6.9,26.0
Chingo Bling: They Can't Deport Us All,6.5,
Suicide,5.7,113.0
Horror Story,4.2,91.0
Hank: 5 Years from the Brink,6.6,85.0
Manu,7.0,180.0
Judd Apatow: The Return,6.2,69.0
Goli Soda 2,7.3,128.0
Colin Quinn: The New York Story,6.9,62.0
Go! Go! Cory Carson: The Chrissy,7.2,42.0
Web Junkie,6.3,74.0
Delirium,4.5,96.0
Jim Norton: Mouthful of Shame,7.0,61.0
Brian Regan: Nunchucks and Flamethrowers,6.3,61.0
Michael Che Matters,7.2,61.0
The Negro Soldier,5.9,43.0
Simon Amstell: Set Free,6.5,51.0
Hari Kondabolu: Warn Your Relatives,6.6,67.0
Bottled Life: Nestle's Business with Water,6.7,90.0
Playing Hard,6.0,88.0
Jack Whitehall: At Large,6.8,67.0
Oriented,6.7,86.0
Professor Mack,3.6,83.0
Mitt,6.8,94.0
Feo pero Sabroso,4.3,90.0
Mike Epps: Only One Mike,4.7,63.0
Todd Barry: Spicy Honey,6.8,60.0
My Own Man,6.4,82.0
The Collector,6.4,90.0
Swearnet Live,5.4,75.0
"Out of Many, One",5.7,34.0
D.L. Hughley: Contrarian,6.6,58.0
David Cross: Making America Great Again,6.6,74.0
Craig Ferguson: Tickle Fight,6.6,66.0
Forever Chape,7.4,80.0
Hannibal Buress: Comedy Camisado,6.6,83.0
Where the Road Runs Out,5.6,91.0
Adam Devine: Best Time of Our Lives,5.9,58.0
The Testimony,7.3,98.0
Jeff Garlin: Our Man in Chicago,5.9,58.0
Mortified Nation,7.3,84.0
DeRay Davis: How to Act Black,6.2,
Mauricio Meirelles: Generating Chaos,6.7,63.0
Dying to Tell,6.8,87.0
Vir Das: Losing It,7.0,67.0
Hard Tide,4.8,90.0
We Are Moluccans,7.9,151.0
Joe Mande's Award-Winning Comedy Special,6.1,66.0
Pierre Jackson,6.7,81.0
Vir Das: Abroad Understanding,6.9,65.0
Pacíficum,6.5,74.0
Cristela Alonzo: Lower Classy,6.6,66.0
Aziz Ansari: Buried Alive,7.2,80.0
Super Monsters Furever Friends,5.6,58.0
Doug Stanhope: Beer Hall Putsch,7.6,61.0
Maria Bamford: Old Baby,6.2,64.0
ReMastered: The Lion's Share,6.9,84.0
Doomsdays,6.6,91.0
Tom Papa: Live in New York City,7.2,41.0
Sanctuary,6.6,44.0
The War Against Women,7.5,62.0
Nexus,6.8,
Restless Creature: Wendy Whelan,7.1,90.0
Nick Thune: Folk Hero,6.7,43.0
El Che,7.3,83.0
The Search for Life in Space,6.4,32.0
After Maria,4.9,35.0
Burning Daylight,5.2,102.0
Colin Quinn: Unconstitutional,7.1,55.0
The Meaning of Monty Python,7.5,60.0
Big in Bollywood,7.8,69.0
Jen Kirkman: I'm Gonna Die Alone (And I Feel Fine),6.8,78.0
The Untold Tales of Armistead Maupin,7.6,90.0
Reggie Watts: Spatial,6.0,
Mike Epps: Don't Take It Personal,4.4,59.0
Todd Glass: Act Happy,5.1,
Best Worst Friends,3.7,88.0
A Tale of Two Kitchens,6.3,29.0
An Upper Egyptian,3.1,85.0
Finding Home,7.8,124.0
Brad Paisley's Comedy Rodeo,5.7,63.0
Amnesty,6.2,83.0
Sinister Circle,4.6,87.0
Cedric the Entertainer: Live from the Ville,6.3,
Willy and the Guardians of the Lake,6.4,70.0
Agustín Aristarán: Soy Rada,6.3,
The Daniel Project,5.7,85.0
#Rucker50,5.2,56.0
Russell Brand: End the Drugs War,7.1,60.0
Maria Bamford: The Special Special Special!,6.8,49.0
Alexis Viera: A Story of Surviving,7.2,
Gad Elmaleh: American Dream,7.2,57.0
Arsenio Hall: Smart and Classy,6.0,63.0
The Standoff,5.4,90.0
It's Not Over,6.3,72.0
Tracy Morgan: Staying Alive,6.3,60.0
Brasslands,7.4,84.0
Kacche Dhaagey,6.3,120.0
Far Cry,3.1,95.0
Parchís: The Documentary,6.8,106.0
Theo Who Lived,6.8,86.0
Mo Gilligan: Momentum,6.3,64.0
Monty Python's Flying Circus: Live at Aspen,7.8,58.0
The BFG,6.4,117.0
Making Unorthodox,6.7,
Zachariayude Garbhinikal,6.0,114.0
#cats_the_mewvie,5.3,90.0
Roll with Me,8.2,90.0
Viswasapoorvam Mansoor,5.9,112.0
Black Man White Skin,5.5,108.0
Virunga: Gorillas in Peril,6.5,28.0
Morgan Murphy: Irish Goodbye,6.8,51.0
Lucas Brothers: On Drugs,5.7,50.0
The Chord,5.7,
A 3 Minute Hug,6.5,28.0
Lynne Koplitz: Hormonal Beast,6.3,51.0
After the Raid,4.5,24.0
Kavin Jay: Everybody Calm Down!,5.9,53.0
Malena Pichot: Estupidez compleja,5.7,
True: Wuzzle Wegg Day,8.0,23.0
The Reservoir Game,6.1,100.0
Enissa Amani: Ehrenwort,5.5,60.0
Delivery,5.9,87.0
13th: A Conversation with Oprah Winfrey & Ava DuVernay,7.0,37.0
Sam Kinison: The Scream Continues,6.4,29.0
War Don Don,7.3,83.0
Fary Is the New Black,5.8,74.0
Ricardo Quevedo: Hay gente así,6.3,
Dwayne Perkins: Take Note,7.1,68.0
Bone,6.8,95.0
W. Kamau Bell: Private School Negro,6.4,65.0
The Calling,8.2,108.0
Harith Iskander: I Told You So,4.7,61.0
Kingdom Come,7.3,120.0
Smile,3.3,113.0
Wraith,3.4,99.0
Reaction,4.5,90.0
Adel Karam: Live from Beirut,5.3,59.0
How to Win the US Presidency,6.2,50.0
Sebastián Marcelo Wainraich,6.4,
Willie Barcena: The Truth Hurts,6.3,60.0
Park Na-rae: Glamour Warning,5.2,62.0
Eddie Pepitone: In Ruins,7.1,64.0
Follow Me,5.1,88.0
Prodigy,6.0,80.0
Aditi Mittal: Things They Wouldn't Let Me Say,4.3,62.0
Luciano Mellera: Infantiloide,7.5,66.0
Behind the Curtain: Todrick Hall,6.8,100.0
Nemesis,5.4,116.0
Alex Fernández: The Best Comedian in the World,6.2,51.0
Moshe Kasher: Live in Oakland,6.7,61.0
Fakkah Fuzz: Almost Banned,4.2,60.0
Gina Yashere: Skinny B*tch,6.5,58.0
The Wave,6.7,90.0
Good Luck,5.4,90.0
Fabrizio Copano: Solo pienso en mi,5.1,
Steve Byrne: Champion,6.8,70.0
Dieter Nuhr: Nuhr in Berlin,4.7,69.0
Laerte-se,7.0,100.0
Fernando Sanjiao: Hombre,6.4,
Coco y Raulito: Carrusel de ternura,6.6,
Lord Put a Ring on It,7.6,94.0
Alan Saldaña: Mi vida de pobre,6.3,70.0
Oceans,7.8,104.0
Tusk,5.3,102.0
Daniel Sosa: Maleducado,6.2,54.0
Home,8.6,94.0
Super Monsters and the Wish Star,5.4,
Bill Hicks: Reflections,6.7,34.0
Jani Dueñas: Grandes fracasos de ayer y hoy,4.8,
Edoardo Ferrario: Temi Caldi,6.5,65.0
Connected,6.6,
Wyatt Cenac: Brooklyn,6.3,67.0
Tellur Aliens,4.3,67.0
Daniel Sosa: Sosafado,5.4,77.0
Freaks,6.7,105.0
Arango y Sanint: Ríase el show,4.0,
The Panama Papers,6.6,96.0
Shelter,6.3,97.0
Metro,7.3,104.0
Horton Hears a Who!,6.8,86.0
Grillo vs Grillo,5.3,
The Tayo Movie: Mission Ace,5.1,47.0
